id,password,username,nickname
rho5v7zvgr,Fl6uNYnTipkttJmBv9Z0YoULUf7pktxJ2h16uW2baRjBcVoSeNdd7OxrmfAAwdy2eShNOOATaLTGgvgryGXdMEuHKqmPQpDJmAntcAiwtZVtDC4aVtn1yIOpNM1BYIV8,gsuaszc,gfsgct
otq3jd4uh0,6UDKJUzeq3w0QUq5WJrajLB6UcvE4GOL4oAMPcrC8cacvFfkf652FMfm2pvHddo923NMoirwXBLEmWuqxgUKeqdzd3mVXKyU9MtKcdoOYLXdXdEyxJclBRVeIiLmjvGg,tzcmewemy,ncumiu
8t2u5lxke1,FytwetyhG6wVIMrfn4tnfpglSnpf7kn6RNBy9OzuQdKxALi36ruMlK4l4G1r5yTiDmTSe1nlA7y6G5GPk974dG1S1HPLLO9d09xdpG9pNxkX0KwZFW77Ur8e70lgzG6v,uttub,yecijwig
7t1vx9t6d5,dREARxnV85965W9Tvw6asWGE6ZPFr4jOFbRp6gIzrmxvPVxp9VaMntqQ4RzTN4uBcCZi2V2aAE1moGiwNchbFx5e3BWzHcESISGeKAiw9k6z12iNMBO32k1orN8JbJGt,kmuhqicv,aedttu
w7pydc7qh6,pq94ENdtpT7OwQJnq9NVayayOE2kOMQhCTXrc5HYSaEWvs88xXjSOKiKR7WnZ6jRAyVgWDdXHSJLRxMXRcGsznmCjcnvcR9ilNsnrDyO714RKvWWEL30z8iXpixGUBW8,aopvrymqdr,khjppuhqxh
7wowsfzez7,IchBXaqInHikS9kBYWrKkDSqQ0a5RRQ0alljB2c2fW3KVYziPN9F7GIEmwolqBDHdvqW2bNsI4misWyNKb1THuGUbxH1OZmXNvWATBS8EBFtb7ngEVN9lCN637zVV9yq,yeexvjdl,ldnum
0xw3ekei9i,9HAxcZlCOKUcnjcgH463PDgo7K3QLLevyppPmmEzKXc4aLT9N3FII6uLNhHmHPLQ5JL6LiK3PywHd1aIe0ZasFpWVzMgCUKSrhvnhXcnEuioMZaEwvUVTQur7aQqQemR,axxmkeagu,uiebpliol
t50qm6v308,FSnWWVq70Nt6pbLG2RMH9aMxVIubI0Uoc96l6nNbNM3JF1wCQ0Y0PTtElumSaD0liw78aKkVchIlcgsY5JBfTDq7rKmH7mCba7fh4rJNFMpC7sjE3ngOEofHVJ4roaUk,pxmqy,dfsyjof
ylhgvbp5b9,cJaAMBhdrgY4Gv4zojR8J0jPZM4kxxskWiccMGBRvymh0TV4JvGD2KeNSFoedee79Ueacku7KK7CpqbPD2crH9R9LbqHV2pu5aRjTZjqi5IIgfxOOunM9yOpuyEyDNPS,cbjik,ejvykby
jwec9lk8oe,lTnt3az4f2h9tEHwl7piUVRZmiqV7VuvJxFlqIBligjUi5eYOeHDzIH7NVlMejJpHty7LJbnKZbOCvv4SXoD3nLMk59A2jGopRnTcdA4dgttUn2835E9ju5spsa6zIEu,kaihpvg,btozwr
e9ve5q006i,L7vY1b0cMrTf8QvAIyBeqAg61E7XXSJWsMV4fepK0kzv1MKBm7I9TCRxfXuWCMgHdpD3p3LdYpEWSJLBcvmyRgtrGvrWMpQuKfMCthpX8Csvp88SALyfbQiQRzEhi973,rtkkpyelo,vkgtkjuao
xdyzir7nf2,wiH1VUPXNFI61i7abrXlzL1sI9dScUgEHXyYwRXYsL1lF8yo93tsdVSbcP2K0jzz1IpfHF7kJ3beskilQ4Dv3FCHW8S95U3M8kWwHIDbHhzOSoTwsegVqB1Y3DP723SW,yictbok,mdvfdhir
snf7a57d9u,Ih3w1hgmJTUPLc83JPFf8OICqpj2BFwGpYS5HKoTjcrNz0moHKiwoxrqJVfMx6iVf7ZEsQfFd2n6Bj3uFiO984mZX22dO85ZUN9yooYTExYxtPeMq5WL1bVKxZePp4Dy,szcuepwfv,pyzki
2amme4q7e7,ra327Nkikt4RlXrNBqVoxrs0VC9fxWLit2liIEICPmBE6oyWd3Hgd6X28Hi3IC0mRm5UrVz4iQUZloXiOYrPFzAAwGjA8HRbeIZnal6AzZqrExmZtoUsVc6Ki8VDrKQ4,faeys,rxvqdl
v0328nuf7f,UDuyexdCletMM0sMtk6vKCl5NWUTLk7GB50q1zV0viaXJLRGwD9tsvzE0eCQxq9ha3mczNgltN8dH7nRQegCWr7H2BgH96z3ajrMi9528BYgEYG0yXB1L1w1Vx2GmWR9,ypmwyhids,wumpc
vyc9htez6x,wCr0lsMcSQzRpxuRwceQCoYqLwut5O1ROTKLz9CLnsMDBYY4nx9pvOxMwKIZJdxWBgM0XOkSoIQZ5jrePZpRPet42a4uEj4AJe61A3109PD7F4SCHl9UI7hQKoh07vjm,squntds,ubkjfncpmw
02f0c79r17,bnFG0bSSz4rdY6jER6Sm33m5KPyl1LmGQMn7mIpfHuCjK8AaIqxIc5zrwHbFQUCCK0aQ4rnyKIpNPFKX1ftMroNgo9pIaTZCKxWZgmKtHZmhVG7MgqhpjTIder5MUh3Y,rpqdnzttwv,qgutqs
1jzw5hweqw,lm7h67ebTcpyw5is3trlMhBuwK6tDZ5nTEl6g88L6P4ism2eoWQGvTQwlDgwHfSgheucOkSKgAVTbdG9cPP2FlL8J4b77HUCkT9zFtRHWvgfpw62jC5KOrWk638LoKxz,sjhjcql,xmoleuhi
kvqh0dgpjo,KAEIx0XFZkrHEjCB3lJzvSoeKU1gp5tCjVyN2laChSUjCwQCAyKBMER1p7E3c2Vr0ZPfklZkBhxasOQMrgGsUrrfEEQUFTfrpHh5JfG6vXHMVtFk6JKZunJvXXidaPAh,ukolphntvn,zyzclpyg
lux8tgw80z,VXYDfULZObckfyjtR0l9M27PQyp8bBV4WyQTMf1RKSa1fM385eC6Z6yHvV4foKlioIorgu5LNBhuygpc1SpdVhErfL7Qp6CvrP8iPmXvBsBN9Vj6kcEw3MYY8ZACx9Md,viqwzkrzph,toilujk
u21rfo9oiw,RP2Djj8fUrPz8RJ45jWJpQ89crEFNn9opyx0YMQzD2K4D0m5iNJcM2eBMTbMF3fUyXOqbdl0dUjuMcAWY1edLg6bqmARVNCns7nYia6RfPOe0lVUYrs7tAPDrIVBhpMz,ojuvmti,aftzpwmr
oonq3jwp5t,TUL2eQCELa13yZAFXlRvthLa2E0rsPW4AGRakZtDAzL9IVBsgXE18mkwPYJ19niydxqfCamA2ewv05miu60lm5nNoppb7LbzSx2x88o31Q1HhRm1o91dEZSyIehM7LPn,czxcwgm,rlpawcfmhy
0b2hb4xiom,1EpcDE15nihzK917ILwUKcZ3bY2EZ4PBs8kldh4FSyUSNTZ7i1Wq7DdiPxEW2cdGuflJwROeM2KGndWnCgoifpu3Nkloc28RB1U8PUmEIXcnDJQrk0wxaJ48qXMCP9A2,ddvyxkx,sorutf
99rq8oudai,V5OuKmH6iaswETLQ3dRuOmbhh43G7fGjM9RINrNthXHBCZ36OJ8ncffL9GVOVzLhpgixJgGCUFs2u9yrqlR6uw7los5NIs42UPpyCUErnrPWmP2ZOh3VNWiapGFCBmtu,ickgsbvpv,vabskzicq
qxmyte3hj0,XmshXxgrFnIACWddf4jnJ6EoG3OTQSTxWsrj6NR6nGMUOpd5xoWQ1b9YkkyU8YaVgVhm9fWbKHsbKTLukVm49776w5Y7FyfCetwHfWCr7rQSlDRp7Cj9vFEAUt4NkTLy,ynahh,hbkwqrcv
rxd8adcsva,OEmBRgXksZ683itsX8qZ1EENN8rQj2IpTEqjM9hiEsroEdmw6VcHBPasBrfPZFpvigK5PyV5Ip0xgFhd14FcvPvFNzsM5omYsjolRQH8SJQ7it2qERPxMAls3sJAdx6u,kudtylz,xtxbbqi
wpw8rgnvtm,6O2ztTnGMzEKMl1ZvdCE9ZDhklpCmzJprmdlTEItoDXSI0Xccg8ygOZ1kEF9KDzGn1jqXeC9ZdrdKKK8sT2XRJpKFyCV3ryy2jJqWjbymcUMzyxGodxPSl0WWEYC8OsR,jguyj,lnzlqpdw
0a3wxpflll,7bd25bPiokWjYX4tyedHZZZETuS6WetnwffarqpotbHg1GXpGNIvO2VJojqjQM6pyGVfACpwnWWv7PKTpzVy2bJcso4GMbG8izlNYkr94FvMjsCfXR4Rvwp6AbtvQOKM,fvwhld,egfofc
o2lxnedxeg,ii9r9QKCHYx6wkq3UXDZsbtqQ4oK0QbeegEl4feDWo3fCb4a4Slh0uJegWFFAh6qbV0y4xciG37YRfReuF4uu9U9txoJOKtOh6800VB0bIkWumRnTtAT2Dtb1Xp5CsUJ,pdahm,avhgzlu
nmo2rxi1j5,hmQTDbvzOMqzXcM1Vb9iuLN7AjN1r67cqQ8AnBSNKuFjzvSLEusHVH9l9oo9v9jQ0MMOu5gYN3JVe1bjwi9qvblydGOIlskmH0z4v6oq3BoH6uwsxsQPmB9KX1FS82iO,gvhmqn,kzyveclra
o419q670qx,0hrPiNf6aDD05OZ7dBlMkJJZR7NWz2j5zWpbWhdmXXZmvqiHDkiEMYOhNBPjFbx9uVlFA9aeWyoCxbS2NTLku2lMjTSwkPDjpvc7I1UxkYd64G3udQy6gglBJEyImw94,alqpeq,exklq
vq5tqixjs6,nw0ByXNrp9NBbI2PwARQFrXXg5dlhFXwGcAd7vfRxNiBcOsBXGeZkq3luLwM1fupbZH5SO6xFd3wNhhdYvNvSa9xdxJxEDO3rQnZ4dBDx5BTK5i0ztiFoJasYWWKFizn,zgzxhpe,egiyziq
g1fho68a7h,hE1RlaJwbQoCCCZ2tJeCU4MkX1RgkxBO4So1Hqxxhd81czeWLL7H8AGFfqYmDPP61Osfis2Ght9ShL15vj14OCy3XGD3tJRuTYEHkAdrcExpN9JisAvtyYexydn1lJaB,ekxewi,tfgjjhcdy
7hfa36y4le,CKimJ3Ktf6kueqmQ8I0DVdp6cORq9NJHXfAWgihrzfiFKXULgnUCKZ32tIqa9PdkRELrOiQ2vEZ75DALz6zt86gz980cTwpa0l036gBQC3h18nOiJTRLZV859sPpQkBi,rewoych,godilx
f98h6wieiy,PGeeKleTFzp0huGoZajloXhTx5g0ZVHJnfll5ajkusUexl36e0AMvSq4Cyd1IZ3Hq0LGp5wCcEaff8LqZNElwECwbeo2M34mQsWmS4aGRAYjIk5cUZr1YcgGrCEFT7TB,merahjgij,hllhbm
tm8iwzwgfi,xLmylwZeNQQj8uIvZU80AsHFvfGn5zo0RZDXhocrK4muDR5GOrkKexS90ZzimKzUdZcxlCGPH05bPwAUB2gLpHp8P1FPNIldCi1SDsurxAZ57UKAp3vRNdQ9rxO3fURI,hvfkv,fqekobhal
dv1fy0isvd,K04SfmzhBY2FM04bvG1XNDEKL58xymwwn2BUP2NUM6r6zwRUVOswC7MRLegtZx7olM367S7BRqriTuMCnLpabaWZzi8fqVBQEnA9OSCu3UzB6U0RLL9x8nZPkGZyILZD,qpohh,rwesbzl
gxtutmxdtn,q6WbAVhRB9rTOWfartVKfQpmwTSOXEyJXDSG6TJWiRYegP1gKAloSy32f25z0l3cRe7lLANyGozO3aokDYHO8Nwc0CHk5YSKXBc5BUBKpE373JnRpF6QH6qY0vwNXXER,bexypqzt,xkioizpb
doebnp9y5y,Rc6sj44OBfe1q9u1BXebQfU3QIB5R1Q5gX3EIfp3rUy2y449W50jyk0zZmEDON1O6AnFdw51EPF2NmGmnzUhcEdt3wH4iKS6mvfCo5JoZos6il1NIWT9mGkbydPIzlt2,jcbtrodn,oqlhttq
7g8s9a2aqt,PxNthS5WMQyFJiEcGWfAtF4ysdhx9qHt1Fx7toQzC1tf44sYQ6wU4aeRkIbtaxUArrKqoWaZFx0jReWZFU7uxCR52SpTOdoRiDMXoxEOwd7y4BnkrwTi4p0AxJ9yOyYL,kfmgpgkyo,cbrbmq
96sc36s1dy,49OnszKhsdrApjaXcBblCrOGkGdosNGb6efGPy3pJcelpXgVuJUbvwQ18gKsDp6F8fbgD0800FKkWeh023bMJSPGZIGsr7ddhQDC0eRUGGXAWQ31HDbjTOPCvGvXIeW0,updtijx,mzkjymi
w69et13p8p,YrVQ8jnDa2CT3jMhYpCwZOVIYKKXG9CwFIIC0BfHb9ATRYgwPWi2e6Au9bsubpnGA4DBIVuriQBihxuu1WZLRJnrCMUwuoMhEEu6ujWNSy5GVd2X0s9SrxX1tMQeDfzT,euqriviv,tzienqfgus
90yc2fwyob,2wT6zix3AMKdUZVoRAOXtgNCE8BHhEtaI0sJ4v6onlWWfQhQuOegfsOjjJNbfIm2F2Q05rSKB3Zq7moWIR1M3T1guO5mZikkmKBHGxG8rTZgF9p4riUsXgljor7ja8xV,tktba,dhycqok
t82l0rd96a,zfHcEl4IUSdel0Hn489xYmJJvlaDKsyjpkGQ0zwAuzW6OFWPBuLN0hhly7t8NnxAui9Asuii6Cen4ClCZQvYKI7t7DGdi6gYLpYi2LWeBWPFpyzLLileljCCCXSSDHcf,lhwltlekp,nbpxifgexd
3uf5eegmww,wEGXTc9LgvQge9AbMOTNY0HwwCPVQeXobIDaPzuo12EeVw0TmoFqIbNyS3GKTsL5rIc4S7bK0QodEV98P5E5pHpeIxI9Xk7TIQiSZy78RF9nuu1SY8ndkYBD6cGCP3Y6,ocihvhfqy,qfiueqzso
bk02w3tyk4,dwORxtQccql9kgskQH6raZDx9XOob2ZlZraMPEkwEVenRm1RbK2amsiR9nSB8858kK0CePqootNBBL4zU0skC9RMXaiZ7uLYvaFPIN94SrHLDSolld6GXCGHOAXAmEwk,qklhuz,volyysiz
qlht7r4azt,OdkmobSyo0clcAhOHjScGi0yCrOr6GqlKWqszo7Fg1gZCIHEL3QQZA0UW7MrqoMrzGIr7rU2acuOAdxWxQNkLYYb0rhvemq6BypjgVduXScdVNuq5W8ejnvaLhlideje,ioatawp,aqrldw
k222wgqx9l,LRuO6BM5Liglrm353m0u1bNqvqXSQo3gKKN8BLmggSm9TYfEL4pfCrpdwT4uZejjTIyahO5mXSrOzlHuIejeHd0A4Z2Mmlr9ixmH5FRSUTHu9VHnuukbTuLEvcBPJv73,duhla,vgchq
dfz1ftjsb9,hA7GROEo91vyO0OMp771RObjpg3G7eOWQkM6Gk1fx4Rf25Xxh4h4LWu5CS2w8UhNSe30pdDJ0fgIQaWS4P5xmbVW6J4tCvwkkUiSRpMs79Zi3rGzRRe7biuCSmPhUiGs,ubxden,toopth
z7tedl1qr2,R9lOiXw0yvG9hSe4WjLGHWbuX63a5XIBVSQIxfr9uZfYXsrYkAvd2Bs6jHDhtM5Lu0CyEvwg9n9YhuQUAzRTKyiCxY4WovHhcNKcgMVYzfMT3VDw86B8aB1daT7D6Iw5,okywga,wgyoqjn
xynec4dzsn,oDIAvfZXtBwz0rHDfaxMF9tnebwyMggz2R9Bq4rHe1ypPfq0bsZFe9IJlAg583ajG2kUMgThx69uo9W7EgCnsMB1YvRYqZD1tLn9ucsYdFYmbX1j7j7kn5GoHauxVKwR,xejbcqvn,wmzksc
5929vw6etv,K7flmXQKU477RVsJdsJVo3lfV4nlDYJbb3sSYI1YUljoN5ozpFIk0XyKc3ccoz9zboYZburAO5PZYqz7SVN3bXYPyg1LrKbGbSHlTldzxCKS8e9RqHiG507ayj8QeESm,zfazdyuda,xnrkykbcxd
tobgx72a62,akHsnUZGsgKKi010Hxwvcz2kN7P9OJumEF2XZrBs3X8tyYBKlvOpkjvHJDmLl5D8lRKXj99OIBJ3ROcg6C1SN4g92yS5hX143cWCyrdbKEjNuXfUpW1BXPdtOEyzJBFs,auxmqjig,hzlmolpva
y15yshyugf,oXA3Jpy1TAISScBv8CdkxLn1TQQa6BxtbVGvH7NvGF4pc7s9Ky9qcVJ4mamXVpH1lUypJUYDW5PKxi39quosrJKgpg2BvfSxrah1dMAPYpxeUoZu1gjw8HJSJA4bUENU,udtndvueit,snndduyk
c6rjoevlfd,huNDANGQ5IZUW87EtgMvvCYhSmKhYp9xpnz8lVy8nQl59PCEB7TFKJliHyovEMXuk61HDabA4ld1hZK4pEfRxvcOZcvTwOsgQvyRvX8haJnnweXXZTfmuVljk7kgdutg,wkjfk,upbunibyiq
8p1hsl4kq8,WAFyzkXdgovsS3Ss07PsgAvspzopz4vU0TgBBgG12UJWGBJGfTpUzzFz3GuddRUUhNcOuevr5e0IBiIm7oOAVLroeBa6dzPf9ISBEg3cryRDdYenKs4yDGqh2vvKaMjy,rsbsax,scfferr
abcrh5vjan,dm5vVjylQQskIryqAKA0fx600vg5Y3U2S2K3foGLn4KJSjj9JrEyVUDFMo9bM6yHJ2tsDNtsXCXsgT7W7tNNfGsewGrWxwZsMPL7i7VhEJdLyrTCPjbE2AItsSH8zxRw,fjtuqnqoze,csbunckfqo
43g8n2powc,f0j4mehKQ7e7NV0Uzg4qFTg5EnuzKpnBWy82zFrnwvZycUpXEBLPmn04dgAdAIlo8ucYD7w0fvCZdBcWTGowc5snAmpaKRRsfylCnVe0eLESo3s8u2sOu05kiTKUHlS4,mnhtvwxmw,gscfeok
hvq8bd1pvi,9XYa8a6Ggvx6sTSAIA0vtIonxk72sSPRlyqbRsgrkxAtFv0C8lzxkgUbRpbZBdIkte4kvrt0hGv1dV6md34QQ2d9QmbFi22osOs8X6KPvymx407OtTa4Z9NABapow9PX,zozlqrdbnf,phjqw
en3ifj3ejz,TueRsk4ZgodlupiQ565bRBfanA7XIvrY5NnwDP6miLKgZfiYNKrGch2MhDXgCLFuzhBSieV9LUYCiUbRjGRq1sbMgKp4l4KEidigQBp30dHZGPIt4Kd25DtGSsCpsOLR,vnyvveu,crisrrao
bmvb03d435,hEm9CguDVXv54NWe9LRZrEAhTg1c8p5FSO2FGyEFtxzXNdFR69rGygUmdRoA5ZnjzWPmAdjxLBx7F7BXMxzlreEk17lPuEkLBuCowdoA29fTrYNUe0DgFNZXQhRZx48i,yblzrhqa,elshjolx
xbj1tutyyx,6mtJ8Hy7JvlrmSEy3BWhhVTe1c6JR0U7P7RdWuo9IXxEfjj8xFtoDslDiQQWwQuNiPotpWlL7q3tYMQlzJJZWHNEQXTxPHvsLmnNHu8S7ktsDLttH6QDtkGsRdWkM0qY,mlxszd,quoadilku
9yffpnpvf9,w5u4pjkag0OOvTlSwgYuYT7VOujV2a16Vtgixtnrw4CuL95NzdMlqR1JnjQkoMc6fweJleykavrg6vsKQhouVxfNPWhMiRmYcAfrIhW5gk0hLxOePjSG0VwbJ8QqpZOJ,ajzvcwkkqj,imakevcrod
r05hgc8u1r,5yft6nTFRcLrQl2FPyK4yh5bCnwv3HI6rNHvDnWhtyzrEUcn9YiyCGuaumqU0djwImRqT7vtX66VArml6lokGp1O995byJvpq66ihg3CvGkEghncS9hD9yQnR1Y4M1Ia,qsztlpefs,bwjryt
0pskveofze,N2CxSXtwzKaZ5NwJFZkVZToRf4nplJpgxVvxDCKsnuKapr8V13fVbMMgSaLRABruToH5UPDfHIlNTyrMMI5LS55JrHfkacihMqd942rmLDw4thKurKIkxLKccbmTBc3D,qolmyvk,fultvki
72092sg7fc,tBr6HMVzVIcstvRIDgdmosZo4M2IVROgDcMr2wp8lTl6Xfne71FGNcYCY9WnWJP9khcAZG7QgacySTIBbj3zozvADm5MULeLJrFUGi3veUvrMOYWzcNIEl65ZD4R7Rqi,wzirveznr,rbwhyvdlq
m1adnk7sjo,qNMT4Ef5eHVBe0TpWkVbH0YihOyDOzX3MPVWMj3lrA2lswEVjOZ1yDHzehqfRvaCCQkS6HQRbbXTukIUwQaBdUfY866pPX7iebQZdO2AkGDIqMWdFxcmJOnLhddZSM7Q,qliuthc,makwivb
7gs351a3le,lAsCKwq2rejOozpKEa2Yw26NS7F5RLoJxhV63pjGiKJneb4gfiAwoIZbodqNU2xRh01JamdBvY2MmU1EpLAjU1lDslYemeVXZXq21B2KG7mTEPpn0yHcrS8PB1Z7klqh,suhghpuh,fvpbpfaa
gdystw6g0d,4gDSvOrkiGKTXrMyYOEPOHCuhlC7GQ8K2SHxOy0G63BWrqySZdsKsH0bszs2ZDpfZF27UFLuQVeCrPRJfoLGGzKOeeU2VKJo1hheD24RQGDwnMrThDVICfPMSz7oayaf,jfwon,ljmitfkf
tc529ph25s,WHKWHjHqVmwnRPkUsiCodGZAe4RwEwAf7wcorVVKjsesyo0mMuBrEODVzyyMn55vjbsmAn84dtL6L8Vww4CtjjNH5FOJiPhbGiPH3v4PPN74cFKbYkvqQ0sS1PAL8gqd,onkabdltoo,uvvvzvg
vke4ecx7b3,18rmWFN5kIo1CS7C5AUty6OmY14LFoso774HcL2go7QYWPLt5jXeuzAkVlewiWCuizOROtyhID7b6yFe1wCcezKVBxy6FszfPosYV9X2K2zJnaj12yUiBWAvynQXmCFL,hokqybqmuf,iispunjk
35prk2g22n,tpZbqKo24YOzxXBvA3YqTgHfvYrMXOqm2TMxjiaWqBuDQxlOPZIuU5bemM44cC58oOBPVSuO5uDmDWPHDgmDPJK2KLLydYnHPfE1HpqS0s5n1jH1NEeFBsTgqrBmcqCG,untyu,qviwwumjfe
bzklkdgqd2,PavhtDzhwj4L8T8PUf0qtYIkfQLg4Ss2X3b3dV3w1yzj1Krl65pPbgkApE6ORa1R1TZWfROzKE4lEzCB93RdlF15m1Z3eDVhekxmBMEnqPC28U9ZPc3vrHu6PXP8F8P1,wzczbimq,oyzxtqtyei
kcpqeujcjm,Z9HuPLKv4nQD4U2uAe89wsCFvwGLfqhy4Wct0yr998eXelRwVx9rqGIF6WRCQtxGii0ICjPQJwyXvfSNs6puMeItIXwyXBRYxby5NmZ9FyVmBvDTrHoV1pZJB5E8hPWP,sirtegxvfl,fusigzg
2nhpy99yjy,hi6pK8FjR5we4svK0G5Sl83V8193elYHwtRimYnvQFWMdW0n80PKiTWhHqBvbsUS6uwIaB7OEHqNQ2Qimz6WV2FB17AfE2ZkGbjqGlkjsrhXzIcexdA3HW0N8gRy7TK5,savmwbqf,tqqpzx
sccsdcowkj,k0PZ0WA7uxGTJ2lpnj2ginaNvFtm3y6NKB8mAzDP7cl9LYVvGrTuOgj4rUKYSvlYvZyRO7qcHg7hqgtfF9NtVFQ60scwTpw6HQMggWYTKiU49iQGUSY8IiCQmc3maQM2,flbozu,erlltlfwz
qhoj6i216b,hBa8L2t4KsALChpmGDxDE3YxgNPn3ZPVhB8EhXi3xA6i9LkTvruSWF7oNWoKhytrvrT9qW6JgosU8Soprbjyos5mXkSAlVDV0AuwgNTNnLpCONGeSwgeuoOvQtRSHCAw,enqzn,ybirxszd
hjxdgd4no9,AQPsHBxOiarItAUKTbpcAZ4S93VfWXvlGLVE0Enl4fUBT2D9EZcXU9UF1dEB0qyucdRx7ZFaFEuUK3wSJsuZBXBHF96L9erDKpf8oNxZbVwRSrm1OBZUxqBj0DMHa0KF,ffdpinlgnx,zxvscw
eqgfvq6zlf,rlqPkpTnVDeeJUjg6izJsgd9GQTpxICvYiexK9BesMtnYMvblbRZ0ixCnK6AuPNkUaUHAbfSn6SBUisfJ0yZuGZxsxWg9UjA30du26IyvmINHqUdRmfTWeV6yHOb8rna,avzmdrvgt,maexeexszl
wfidu1zr3f,Fox2Q3mqyWA7IzmxQUkwGD2WVywyQsekreEmwuCKLlP2buOejjYQi2c3OTkztGzOPT0lLDvY6CDhsgVnik90EJfwMdUoFWLFzYmbtEAvMkAXI4voioxJ5bs9oDCAIQtG,buaeeqe,wnwqjxru
snb10lm8q5,cCgBQnFajG4StkK4LKyRMPdRrX8AoqosopqcU2jBQAYtEfh9UGwWeNjrdWkNa3uZETqkCjuuYG10YK81PMUZKeNfFjOvbTBIaZrs5Xxf1DAA0YTj0gn3y4ct8wYRfAJm,riapbta,vynzjr
f8hpx1tbs2,mtQhO3kcorEm3EHJNGD6BOF085qdBQTgF6ka1ddYM4Ubb99WVjDQSDvVAVRTmJ25CSOsAP33qmjXu6CgEd75lPt43Sbv7lPI1x9sl2Q3uD65bEnABanJxhxJVPPrt1Jy,sylui,qqwafb
b92amjc81m,oEWDV7fktPeHZtAuCzJXBh7LvbkhjLYhPD68ILHNCt6rYBBdP4dpUk1Aai7uigqBOgaa3npUZbtNvnZHudCi70M9SJ1Hkg96mmpRHuXpyoUSuAqUQ4CnZdSGccyBNLk0,dgrujsyb,vghxx
afhpk96p7e,01PeRWgTY1t3BkZ8hDJ55aqNFF5eQIJDmgbb9mAXbMs5OOVV2mZPoIK3O0HBQ3RJ5lsylHgXWucSr3fIV9LPfYbcxMRMCpTSrscLeFPTcumzO53Kgce5ZUR6RVHR4QS6,jpsvqz,jlnom
t1hvt28il1,INZQmnXKEr9sFneMyIYescUr2DzwR0nXEsj9f8QmE2KFjaP8WOGMzdG0ZH7ZWhc0YR9s2BRU0AhOuUc9lceq5UsMofxcTgWMsifMMnvdkpMQSii9KSbBCqhgUg090ZEA,lvvetpd,idwsdrtyb
96laj893ag,pl8amMSVgjdoKirY2WlRnr9SxXKpPzwcBziFJnl0xmnYp3xvQtYSso0GpS0PFFQBAp99VDDmVqgA9ecUgHzLVOAAqsu487LJxcKwaRXxAXqqoW0jmZvdf2LtSV8v9YC6,oltzplkwkn,hpopl
dmgo8hegzs,VHbrBdi9TcDQwhHyIoLas8c5hauX0WKAgHk4GORCBp19scKPEJthNB8W4xbXmNQFGytWlpHkYzXOdxSas9m40LvVNgP74fOYDa3e13Jtuf3y45ktvLuofaw0LR8GXxjv,ofqsesjd,ncstssy
2v98d7y6v0,q1HMbzKnPnB3evE27Qp5SZsgVbV8nHuRyBGW3KsG4DogT7G8BpK3BulhdzAQADAuNIFPfnP6A54rxZDEo80xZ6SgZM1wkDdYXw0za7Yi1rzxnAUIUH5KDtUyOkTvI8Qj,zloocajzv,edwgaui
ndm3fw23t5,nhCObnKBhj2I71FuautEt0TMUepZTDnSy4SFdUIE3sxCK9SjLxAnmF9uDR8qfDXsWUQvXuFenyfgBcdwLE3YaQQk6KfeLEsNnUa80dnLxykuZ8dqRPt70liYPXGjGUth,cdkuvkrz,msgzll
tq6fdfgy8h,TxDBNuKj0X7xZATuy42aZqtV8JPBI2H9vkptIB6LEbG4QnTatM7SHOySSJFMcoRs0wox5MHCASdSFNHMm4V8JJN3N5cGwY3wIAkguVbm7fJ2XUOmAsS6o5w1DSRQuMBX,xkqjnq,ghjnfo
kjrf0wv76l,A5A1FbEKZE5behxloL9xogCaMe4jTdnmUZInaGLydubyLyaj0I807i8BBAxZGhoNNgAsnnXHgjwrPTe9WdkwC1K8JK8DiJmtuppLXPx1F2tJVF6evESHOlcio4vzraZU,kqwgm,tegdvf
661sokhwk8,3QyigygUt3QIsBYaIisbbpn9DlaSDwLW8UekfNBf8kB3WmBHzqWFctPjobz79OOFv4qWarlsXykby2ucjuXZlW692cI4FURVEzxx3RD2SgiZWNtmTJkG6dQqSYFq4V3E,jvobgwf,mxnwx
a6ne89ds0l,KQNSKrgcNazglGz0ZWGi3tHR9OOsTOqJKTqtUKl8LNJkb5W7mxA80az6rfoQ4QnIkuOjrXxYb9P9aZ5mUIhupyue88KEJe3rUHab342nUVbwoqkIWdol6EwxZtAC8hXQ,mrxvfiojr,yedcifemb
byiu7szxc8,Y5AQSBNMoxWLkJ9fR11pLFlCYyNURs9QdDyHHHH8FZzYloRJo7WoD1u94XQbdDzH18PQX7UuakZ67midNxBBbkqJDggbd8hdx704QpSignEio68Jqx1sniqwk4fnYzCu,nvjmmp,fveuerwooh
76vj4eenro,50nVnWSwZm5ksKr7hXbTUZKsSdyVjf4s464TXjsEMZf3t3Fkeqk3v1QXQ4ML25AAziw92Zw2XDPDsbrVXvaWvChUKbxmUHRK6i74ZZgLwtWPYnOmz0EFjYf6xfpe0Z0N,ekctcs,rrfsifyytf
78nfh3dhrz,Zi4gZo7HsUZ90DNy9mpQpJWPnzhxCz13j35mQPR4vVNEP6pTqn2HeiABPuYSH3I7ESWCk1rwY4eufqXHMH73ijvsmqzym2BcziYmUnOQiduxSqmdmAq6pOfB9qkZEenR,yuaiwsvb,cpmprs
6stgvfz5vc,t4a6CzJR2byUNNXQ79e9ResaFys5klfbF0zi0V64EGzC9DfeNHJZArZKa4SEmn8H9CGZIWIyonI5mdNSXs3hfdbRKdjMK0v5EnoWWDIwck3DFbVVvIIZKH8fZ3IP5dCO,vvyqv,haddbo
r6v7ywc1th,ttoCMn4AQOu308wvdzdV7TyCmHP9yvRY6p30ckUJPYvE6l5ZRFYbZV23yLJjHs2wvIk0HovW6bJplSlWC9QXHKu2MZj4tnFOf3zSPA1GsYRO4aZi4SZBMI89F7uXrCqD,vqnpv,hhfakwjm
2szyrgmqld,IfBH5HSRsuIphJBV6vkClioi9s2kDXh47MKpmeScMBJFUtPc1sXw3YpnWDOmuExMEx6XuwWAVsdOHrPj07gCDiVTbi7uHLhGTIYJk9s8KjwqCdDkT10cNu6KPegZZjdW,oyukyyu,okmxxbsg
qicrz2gg8p,odLuUJUe4QuX7RJN01IC4Is15GBFw40yDOiPmJzqVqypWMob5aJs44VjRXoHZpiP3zlhwcKXSy7xWryUeXPUbre5FrHBloSsYzFtDIjiCUZwbFXrWpWQpmD7NpJDVKWX,cjvkm,bvxfajlygq
g9ockgvd1r,ugvvM6GL0YXzBAzUqyLPmfhI301c8WCNjDqmWf02aJrmtBtJWStNsGX6QeEc7F0DICqRkWQ0keR9LF9mIEqv9bsBIXJgoXLjCQe3tdilnNohLJUlO9Q1XXQJv9TbzXLF,zcdiuce,uhlhb
rex9arufxu,lzGI4cvvsXDvmP838WmiYOlMMCx0KEXo5dY5xvHrQLWfAsfHVroAZZI6nAJOTCAKU1XfqHaU3xzE6Ihs9EYgb2D5O00x2bpVyzdx2Wc2ho12fDeFQ3TBPXn7aYfdu77U,egvbsmyu,xovmd
aqwtlp20il,JI1PMtZ8MxJb6ceQD4jgJ3wj8ykyz4CFIEZB0aXlgkqZp6QFwu6p42zoMdCJ4oezv1PNpvauB6i9mxT0MFgTEFiKHjzvdJRK6uOCY4xKY59LBITZuXfALiOmpsFcJi9K,grbman,hhnelpmss
qp3jlmmbml,AUKMfICB1GEvzPI3hm3IGLHxML6dDkl5vr2aShA1yw6UszexNm7B5iy7RTSTUpFC2AIPit8I9zR1uJgCXmJ9553XRQL8udQsTqEHJd2GYToVVARvpBKCTxpxyGuYnfF3,yclytcbv,pyomnbikk
3hbcrgomk5,oLgXicm8GVWKtEQxCYjgz6k2XsagVi0Not11WHHWx5UCNITK7lWGp6gKjPsegLkHjNN75PVt441BDcjJxLfgvuK7fSsoqX37kDtNQjhJ6zS30Yo55adkTl8ecnE8OVG6,ispne,texijsfyak
66vyeyv6he,3vgYrUIdcnLfxrJuzdRjsODUyV1NNDk6WthkDgcOKLLvSzrcjwk7BXkRx9vXWH1T0lqMGX7ELXAe47diFZmxdsrMr2kxIzSkLCtqlbRTbEkeY4zYDxNhXvjidN0QThaZ,acihzdh,cijnhtv
368s6358yh,G76mEVowmKtqfRNzDy1zLsCHvxm1FlDDEzYqphmzOLJrerOkALQeQh5DMXnBtVVbVWFkK9JvJ0VachbVZ87Hd5DW82aieeT5UDYhCet4hmW4b6cSf6Osk1wzP8QcUR1E,okxfs,swjndlo
p8fwcn450f,OvlzyAV1RkL0OGkNak8ZyNZgyVAWlSXBFXYei9huAprG9BRFTQsBuJKWKNaab809YJw9YXhtMUXHGhC1oScrxnisBjBzYezfb2s48jxIylLDbcIAfHYevgSa8MdJPjKH,suezrffs,uogedl
urlmbzem4b,naNf5VyOUUcw4AO1Kx2Rz4N6iEGbg9xZuLcSpwvjDF5eJNloyQvuoNd5Db5zNw1NfNmQpBmvMzmwwIPzSOgDbQnQBf6TblrM1hCOKqljQNDdlMZBcZhRa8uUTd3EUfk3,hebpm,lvoaxao
4wcrxdf4xh,jUGNkQ8HrvJFSCp07ThzmrJrLUOJXEtYPHB5DPWTwAotNFFL9mieemnLdB93nAfoVhqQm7gPuT5Dq5lmHAIezMAJZZy1AKpagzrSVEk7uE8zeoKwRNEq1JfETh23gvjP,ekovzrbbhx,xlszoxot
c6i9cu823g,mn6PY4iYE4XXYYQfTVa6JH5YWcDbWnCEWooefoUrSKKn1r4GXGfmzvvjPml031YlFRxH1r6SdxgHvklAfO0nz67oBlNXo5EU4ITJj0IVs2swjTKLBIEPzImmYGkuCzfD,iyvkydxfss,pouvk
qwe0ojmusv,BeWnKYVYU4tXbBsBHsQq6RDHLMTONqrUByXAwLsja7KPrEdyzrqAcqtpbE9oddR3iF3JckK6tm5hOgmA1P58wwVk9y1MI6v9k2jmxVJmKE88RSgjrQZcgFlmcH4yUXsy,hoztbafyo,rjllpscuzx
q067vnwp7e,Hd5JYXCuT4pm0MuV7sjKkLTzIODEbVFNxq1S58vCiSHpivYtjpTSfdsdlmwDUqsEby0hKaQcGjBunof6Se3hBx6mm1ivfemzIY2xGYeLBC485rTlJPQIHID1j0g2s2bH,qixmcobxh,zxoagmomes
72gw5t0i44,u9K0TMFXLZgkcyU0szcSJFGbrSF4Q3uaIvA95FnoP5ItzhRtltuCkr7R8zgOImLAe0MR97rONTbDZ9zURk18aGd8fXgeHJCeCOnqunUx8oko6XbN6ELKu0OHz0ERMHWp,zsjpfjzq,howttvjad
ueemk3xt0v,Y5Q5A2p2b037Zs2iCAYkmTKPOHtZrTDF5AAnTKAIEtkPS6jEkdQfDFr0r3B3ekqSDdMf1QLNEKj66BVc3kMQwxejNNCw1dVdZBH4FM7VCeRL7jagt1TbAGSqLpL7fY4R,vafjmb,kriiqwhzx
980u7zycra,ZJjELw9Ia141Sn34nhsWOI6laRy8714YlkzCO45L0xWuG5anU4Wt3HY7AzL4q5R7qmLiVjqccL3WJiQgiF0Tns1uuWjFzwM0LiIhPZKJ4A8xYIUyvieag21sCYZwaRiC,siwnzx,yfktkyv
u2l06x6t9i,cB8MLBEhtmmGSTicVb4MfVl7NNeL2tfRgxl3cZd8FadZ3WPgU6HvRqT8jy6QMOBU9fXqH6l1ZV2vNHOkSJ2O9E6l7dFMLwLIL0SAJmFvpqOvYmlrNDyeeeBucrnsxpra,ldwqzshfx,wnxipbxtzf
ouscwg410h,WAp7FM0IfcgV6gilz8d2W44tTyud0w4o3l8FEMu8HGOiUeRfsx90GwlhDKVH9FmPbd8lnWwS1hxBNDu3X0vuGpGwOeI3guKavp1I2wbNEJ8VqN7ReCOLxnJDwtHb58CI,umtgkj,mppbx
c1beiotajs,CkFt9bts9WrdhuzNJCqY0L8cz8A8xxO0QtsINCCuAk0pclzBjgOfzLwR2DScsgsee4HRRPpvMHJfluz9Dg7gf18an5QEfQ2osYuEcugnNLDnKN1FzxI9fNtQVKmdMce5,wscuxw,athpsyhill
5x8tx7kkfw,g5ZwVBgdyyOx77F7FfrSf3knSiRldUzVCGhr5XDlf5oxh2RdFbVHmvoql3SVMOBXwjykNCqQYJpaG3JtTNs0W4idC9xXeuR5qfTAO1aFw8Bk2m66AUXBcRnhK6NmOfOg,qulpxqd,fruct
pz3rzlkrg3,SqX7uL4Uj4StlP801KoIukWSnJuvLCAqtGxaVVKVpvLGJKtN74OBpDMI7LUrD96Hd3KBQhl1QEmBdeuYQrD6kMIouqVZkZvcJq9NsV1ttHTnEceCH5KA8vUMoqtlDGJE,jfzkektqi,azkunm
gtt8cz5jcv,tcWiMr8tM50b1nR108mBGP5eeCdHcob42jjXCYIKyFH6xtTuQlX203Bbt4IKkYsD7iMGcq6MVaaKILMmc70G700O19gdzX5vDFcYUYuC2ECddUz2HCT5qz1bAqHR2FrC,wzqwtf,hyqizbwc
db2ivwq3k2,z6Lv09v1KQ8jotREzP4Cy2PToAb3YCNVSoxT6xKrOyEhMZIV9GvtIBRxTGCU85ebMATsNGzpmIzH6xnFFt7dzB4YTPHUAGxPCRJC7RYVDJuXCs4CsJidgCXeSEB0amZi,wtuojd,hmppwou
sgct5xii6b,Cd5tGHrjQ6T5MmxAsLLagzijsjl0Gxz05nmzaQyErsAA8Bbds6YYyWLlvEzytvTZXUcULnewrbZ8ByBLz4fuiWgRTcG4qlRClN0jyBLHKaF46XCyo0X5l50tXfNwUTjD,ykmxgx,phtdjmzhy
ynxxhs0mu5,i1UTlSZbvORlR5EcHqPMpi7Dt7H5w8ESLhc5Igcxn4ssxu3yjq22Qed8q5OnHNMTOIpKHQvASvoaCnzXDfa09dzU6QhHakoYMTAtzV1ZZV0ZhECOwoC32Cb5exd3gBeY,wwftnywvxq,pkapryqepy
zxc7ixdtgy,yZtXNYiJeLN6USZbyuP5tYK9QrdcCxvKsM2PsIOTdDhfhH1ZaLLay835yBd9GgFWt95LVEo1TyC9UyRZ0w0VMHUvVOWxpOPyLFYpjjFPZqzahOXpOZrexi5dEO4U9Y4F,ucvlud,thobdwq
ve4g3250rj,ZY5LlYaXlMqcl20GTmMCvroWwy652U1KQXIlpNZMDa9HR64brzXtOxArh0ehAGs6aS7sDDc2PsjWwPbHNQAi9vkrjY7dkjadQpKIcdqJRXcYFpOuuEo7hy0NVjPU5EuQ,cgipj,vfamrvhbo
6q94mha9xm,S12UFbJPb5oxDvknZFpFVYj5BpkatlXkTly3n7mJSYMoXcoABJn30dZ2npgSEMmvKfszPUMxw6rMbusQQlDHFWfjImPitwt5J8f0GyyKfKCPfCuOVCMhFPbLhsyeqm5q,syjdh,ijewq
tlqzejqgbh,u1SlD5HUtuikAAQEwdvPLCFgBYn4Ouyr4TNogpBazvdhg1JUxqP7dQK0J7F1BlHtsHjJuJt7J5Oi9ao6qwuyE5BDu2nlcrgWvVcASIklb5xYPFbxQprz71XRt4mWa0dd,qwlgiyfxr,aiipsyh
doylintbsf,GsCuTBJIhyQgMO3KypuSFslQD0FzppD9iYvuJrx5k4KEBuLUXnE2SYXZv8E9AUNM87vXhfXp7C5OFddImopw8p35gPfPi8ocDQ8w01hUYu6qJqBqrjot7JTi6kZu513E,ornglfd,rtpmf
i154yshnyz,DPBFjnpMmyaOMlZGvaXeKUzAcvukPITZqpg9xpEap2gynYTPryrRdg5SMkCDo7lVFSGDjrmiuON7zJ5hoqNXQ4ZlCneInOAfkYXAKkzookcyMg8teBAXLJxYix1Knh9U,rbjtr,qowbylont
ea6cimm2vl,TDnrh1YlBRHw9YkR8vm4mxFb3aniyN4izEROh0SNzZCYJT3cHVbaawWvb1Y5EDRCgKPIxFlX1AvKbQHHb7PGcZfZ1ohrCJVW1T2Nv1XKFrUIMNl3El5RgMnmvJA7CwBv,xkfbmo,lvbppop
e2nlhjvgxr,JMWriXQbtTmDbYj7JDV8OwncEW7vtPnyXwiPiYO5FeuJwhBypz2KOXlIW8tDDzthuvZgJb6xpV73z6XRWVRuN5DccLE7n5V44RFpb4k1yFbvjSXlybD9ozAepLyh0Pwx,fkbpepsx,nektupz
kb6zcfzjof,M2leZIgIw4e3ID408wlwfLUCfrtQKMGlX4rS7jNfLW43WjvrEqWCm7yeddIHGKx6AvlLvlvbFd6XXQAq9Ydrl2DqWhe2MEwMcojWM3TqlXAw3cND2d8duN2MLKsUxNUu,wpomnwrg,jzapb
q8p0g2txdj,0VLrbYievHZdE06aipaKeXiFxYCjTVY2LgEyNbTRlZCRFhufhPnEGztsFog4ZQecNVquyW8nKK9lXlBep5FZsGOpYnerW7e9FGp4k9f4p2lo0jq5zYfqzsy38ZPsHPaF,tepxdy,cecnefmhuq
kr105m5c30,3bzIzjHgwQl7sLct2AdlmzxgYURFK38TUZ7n7Aeoq7m8OpgEcac6fXz236vnMFV7URoZ6HdvWkwO1QeBJNHnjBAPI7hPdi3rHIP9zynT5o4EEm0v4lOXxkD1h0dX29HZ,kqzioy,pvndq
3aixr2tra3,nS8keMerkprcZnZcRCoBuYZISqOEVX5oBdPOKedJrD68Zi3TBbayubJLLy5XzDXu6ACI0EHbhAKbA63w9jUJV4bq6efF5P0VUWSjeqgG9f3daPCJWsMFYGzrlM4qU9kv,iwngxfrysu,cwxwlzhb
pph68yqqpa,dZLbjKBrTfQ4CHDN94cgminyCQ8TZKSrOId5sPrLuEC3GRLKWX8mtWhKbVIjGqpfwjMNSETTkShMH6lliVag3RLDdzFpylkv5aZLnnvtQmrm54uhoaKoaZtuPlkXjtLn,yayte,clwjcdie
f02ys3hnek,DPIFzn76Jsf4AffRtjFMz2DUfAToZiSpSgHrxHPNLXtYwkw0JSpkUdAcGaHwf5fFbPtGyF8SopqQgZZcu4km6FbEQSgmZgII2HRO6OH7TdOgTKCiXtklPx7laPDJRohq,hmxbm,duehjua
06sbycb3pc,GVnZqvCmisjM4p1i908hkZAfu4iT1VhMCEL62JJx0Z0V9Ve98f2VRZuqLigNq9xAlkObVbB1NWCi57bN6m6E3BS2dIpEZtCOf6SgWD8IRDDpYERVn9BeIhW1mWmuupX2,piwvnyozek,nxptqetrhw
cibfv6r5ee,wSP38Zja4p8jwZNr0ke2ypFIhmkXcDFTLCgXwwrDvIUaytlAeLvej36dddE6A9EwXCUAe8MF0SddFA82IF98bAeKgNmOuZmfV3PpXTP6ryLclInRQYo3LSugVUeZj4lx,flgro,ooqwukpfq
h60hkg4954,AEJV17DuAaToMydf3AiOo64Vi4XO2M98cLrhwdYUwxQYIliBGD2tZdzereu14iQu9tVD6zyL0XxYENWoQU7LEmgmGmHoWTE3YnixdpqiPzZrrYAt6HmnaKbBexB4En60,leyqsidvu,ifpgyutzm
sbq9gchpju,ybOS4ZK8Hwpjnu4DAbVuSyjwHhdqDutlZ6d2tsaYPHQVfkwlmg57pirXxqsgD9bvT1IM4ZizDcQSiZrv7blORvGvLz20Y7ZKWL2Ox5dJYzE1Pr4Zo1MyQytWSJ7N6w8T,eaylei,oezdeksqu
z0oqyl8my4,yXp62q1aFsbFEMG5itUCmAtfN9fcEpmbua7txuuohLBsPtXGQdCk351bsaPwId9WYwr4Lpe9VvvCoRk675m4gfMPv20GoO3DOiY2GWRJh6YAQsgE6Pm6dmKWyFXWZURw,goqlixui,xndwxgpcy
bd61g1ey7e,RKcDjXqbSSBMeGQEnbc9yWzx5Kxzq3LduvnfIOMrZmGEgfMHPynFdDLtb8FL9fHk5pPARPdpOw4sFqojeZ44NuMSxWijXOLFDhG4Le94P3yIkaJ67OqBbYutrU0En01s,jstdi,ugfemxdche
0nnr0q6iqe,F2DMMFvQeHXksGdPqDAZkIrwuzQCPSM9iZyNLcRwDOLnPE6IbmCCCgckgkUfcjVx7Jiynz3Afn92aQM8eReQziAWBE1a2W29jXPRSsMVDN26gkmrkIhy1VZPYhYPHI5Z,cjpcaek,mrmeexbto
ajvkqnxl5x,2JzKzBr5O6ykJMdAEMuqotfWVpJKKckilCNi3Y2bnuRhZpbxGPf4mpn3NBcVKAMWx9iIpFlDQQPt2zhXDHBPwusonBl9MozFjx9sFTbuytxG8QQoYYNIc5edPOugs47k,zhddwbdy,hnanvgc
4b7z47sh0j,IdvSYo2ncAQTE929cv9jFWE4ALtLWQ4ktQB0A0Pv4xUhMf91Sr788iLVfQdmFvHirZFP5jQliczhlKWNwCCdVdUVybzkwXaXm5HTLRxo6Pe6R20wRn2dkvbzuA99x80F,lszkimf,qewjblvdb
nwxa3d4rn5,TFu3uFIBQLhwdAn4qNQddiKV7ehf4EWLJrCfJDXeLaFEJldq9VuzHEBDEBfgHYuXkrn5qumBG9pEm2Usno264KqDMrDp9bHTz7rE8GajyGZBlz3EDXz85oXhnWWvGHTY,tdypbtd,onnfvtg
78fban03nm,z0COPN95ndPRl7PJZVJkhObxllXQbx519mpetT2vG7PDUhu0ybUS9gx9REXpklfaGHC0E41Xl9C3QgnvlNljC7fckImsGxLzcgziJLeLxtJMIoyIJZtHSwmekrHZ2MqB,rghjxxcz,agbtuhnffu
vrd5y13tu6,HxHRu8mIfhCoVyFLlidQY4LzZ1dknEduiqP7rUgGd8Y6AmZCHtIrYhpsv8eNm24a5t7p5TlBblDJp4gknwqV19Pn7dzc1GmC6xb8EBbw6k4WEcgLLYIwiAMS466c6T5D,feqoi,gwkgagrh
vjc9vth3az,3xLVVmxK4gVZedNT1LSZNe9LCA3krWqvfBt4jpPSQdpMkXPRUeN0Gw8q2jH7AoXYyzvyDAYCN9zfOT3titXveo1MWhWmLkgV5bJNX2SkeGfxCdsc2wTHUE5hNrTf6zmy,xiqyks,couuudr
upzac4yhyr,W8VwpVepUZplNAwfVpS1SkCCYWzqmtOQI9iw66bmHfSOir1MgCnl65bz8pl9fppC928VdLHm9k29LzQrI2P1uEOWprDx7MKI77bMC6h6gN5jFzzXLp5CWgYmIGxMKFsQ,bukqorqnrp,tcsqonx
khsrt3rn4j,0Wu9iLjheicZ0tgTfHuGDmMdE1cQaSXl8DU27l5zbAvKWlsiy2sgCM9AdPKXqXbpbC80sQQINsKtu1UGBdwvP3vHrPGGfXzIRSaKdmQOGpvgGKcLdGX6bmnIlfPV81Ht,gocqx,vssqudi
gyrxsp7m31,tYYMW4ve6H7Bw157MM50nL2cRTAtcJUyuJzOILbbRXqp4twgBj4La9mGTJXT1b3C6npUDZSiMsI7hOrgoB1jwEcIJ13vnJ7877c3xIcRB35DY3dZrxktz3Df3hIcJbM5,zhseiye,ohenubj
7f24anwwqq,f2XNkrSTFbJ0qoyCmS5rA5oWyU9MKSSYAtkfCTKFkBZLh34zOYAqCCBOveRAELmea0AFt8raGYxrrf5OKiMsiNvsYGOqNBOEdikdUXyY1fLUqgAf2lOCr7so2d4VU0fU,vgxqbhtef,xqlvkz
xzmfvye89b,JhJ2VoFUdby0pdZoWMJ71SxolmDjSR6f0nQxsVVbOMbyW0GvkjulBx8taMNZvYvZVyXBMcWe2MZLltUX9OjBXpgsXtSpbT9g94K15bzYWNRs9NQ4sPC3Udc4tBbNSsam,uquntcxi,auqlm
8fnkg5k8d7,h6bH3BIoX2LJnt3TaxYXyXKdjsK9ygdneo7i6O0lOUrtAtxcEISFTdkP303Yh4otkYb1Qp8ZPACflQozDs7bskVgPH0TVWb3weaMXLZhqg7FZY7bGZeLmqLwt7wdj1YX,szvnukqqg,hgfjgrdt
e45rw4l0i7,bLQM8JYZozFezn2RcqhG5rFcXPJ8iTbnz4XtSIrG3OX1Fw5xBqt0T0bMR3q7h5osdmclSsPWkTOusIttFJpysvvjxZ0CuHyOoPRaX47inD1i3jRwz0UCnIU1G199bid6,qpfmmvpwcl,edwryz
lrrgu409um,1U3fhiA7t1N6tikrzydjV4nY2RGZ0aKNbxdSGfgGrzdk5YheLHW9DnwrOfCcEoorQhGTWFtHKjlgmho8ZPstYDZAfh7fbjSADk4jnl0F3owxokepy1UPpL5p1BmMPTIt,htxktz,iccedt
gt0oe5zuqt,mC1sxX9tHuvP8YoYk5oRkZoyx3BwEqFy8pwjmN1hHNMDtweKCZBK9P6o3MOekF2IV8I0m1vaRjtMH8ABGWZueOSKGoWCue2Ci15d0l0MM9WthemWrIbifTBjRSgHN4Xq,kgpzrjlrvd,pjcjhqd
iep9zkbb13,pypX6P4hk5byUt2x452VLzoCGOzYeNJuMRd6Q5FYjbaL8hABhmQUpnMZbSUX96WqQnq71gBRvF6KC0AxBbgWRuobYobfzl2H8HMdmWu6ljfG3TQO1AbytiBhfxbJDgLn,noszof,qkgeeeri
wc0puqy6j0,eOAmqliPpOFGQeglDFBb4lJJQARFGIvDCgrh6D34lyNYY28iK1PF9H3NruVyehHVTeCbsxeaLtRSfGTxnBNQXm6RmmSzm92GwoUoIGP5lifBLJKURMOt7DOwYte5hZUZ,ukjjyid,fqobh
p97e395ww2,LXOljN1sxbxJjm14p4CGBCu6vsRIYBEG0fkLZ43Fhe5UzINZyh0v6im2m2e5xXnp0AaEzbgaebK7q3DvnTtd6gS1hpyzpy8FKCpl5Ig3S3Ol6dgzLmeQnmsvLeLv6VEf,wlwhhha,lfgpfvt
bdtty0ggw1,EYxI9hcXdQIT4GCptnGoE1m0I3AeNKUA2qjAQcSYZzpInxBgOh1k84L5CRTf5vnWLUuuEiKjOTre62KWNhqKbMYTVKPHgIVbPBhbrR4m24mHfkmWDSCkvH4fAT0hndko,hfcrvcbep,jeoitmitib
4fkk2qvwcy,zljk6ZLLacXwjK4h8l7xflknmVQOBPB0vxqWKkeMG1U5orndzo7h9ef9YJWFSAldiOoUndiFPSo1KAq2LgRv15EqzEFzjuqtuR7cWo1Itqi3MIHiT3bBFrgDjKvOU4nE,xystbw,dwrezlyg
xasbqoupcg,6RzSRDlSgh5f6aERap8msKj51nvjz4TbWH1M1WnMRx0pnY6JU0S7iDA3FRPifTbDfdZB8nghBcukw0coB9OFzPslvkXqzX5ogvu3nlDcic1UshhzLkO9TlplQ1e9AT0M,oxqiymdk,ajciwgvy
3buw9ltq57,nAz8VjQtafjcYSsHpg49nYICAdIEqNvqitUaZPssr2YUDLESHtZdxZoWj6pzO7PovCDt2Geaq5jwSRDQtZvMw5R8SHrRbD6bAHulDNZxwFNf7xlYUcKeyd7t4BqaVpC1,fdozaolns,eycpaenzv
82fh62dyjx,IX7oVzbNOM40UXUwImqjhORziGY3ro5DG968nxshX6ujJGHYZL7HDd7lKTUGWeBCwpmG2eFfVA1r3AkFA8ZZKAkLlOrOFhpQggvO1ltNljQ3iy0KU8zIiqsJ2KJa6I83,owcyelywe,qweiqhd
2y9alinet4,j67QC8WVxmCzJpobVSjGEvgVJQjCyJ09tzqpXwaUNhDjgaTKVyHes0Fz5GyiBL1drkJZSHgOtH0pbI878xVFp9YAuNFlp87ZiGonRI4MFFjGHkJoGSHmS34oHuyN6Op5,uqgdijap,qdcwbll
adpkn19puy,Ibwj76cgdNJldDMGp9XShrxbSrTdBo9KKx2yhkVTVD9XwQeOpDwKSiuCgvURpzYWOj7tLtDMYbwWtHc8RO605FQ9wCEuaiWHj135HQF7k3GhfTpuw68gqolDy8XhE3Dx,vcdkye,yybtrv
v6n61lf6z3,ExhKO87Tq7eLisgsMowx3JVN4gP9wGJoJ0WzQeVoaTU8NM6Nt4bmI7nklRbZSitfWSNxgfHnMInXIhPrA3wzddKf5qfqcS4yawxdxM8WcAtxRiTqeFumPKNdagQZKfac,lokzp,zauvkvxb
76015rss48,AAigRTMJB5iFbt1K3agHIEIm7exE08DL8x5NOvrcMINGCf4ooFmlcRs8RgPcHWQsU7iQpa7fmyUImGBUVRG2tFu3Xg4AaKNEAE1Dja22qiykHsCzm5FTuPuYfyGkKTk5,nmituzy,uxrqmv
esllydttxr,EmG2RasuwBotZqIdfWuLE07fHTSt6Gp9czQPFcX6V17YTAecdKU9qlenHBhbBvicSt1ewhbp5yoPJwbc3WVo1BD4totJbLtuPSS3Bwx3y5uglVYtKTcAi6ZYE4Bgo5oP,vbbrghn,cxhaqwnas
hraxubq384,zoQ6jUIo2tXRyC6aNpLwKEG34uEPWkZH0EkXrjekztOvjgR7Q7jZeO2ov6xJx8Ud08gi3C7bBgwTxINog3beGDNj2ZAQ4D7hDaulELE3GEgK0HmhFgR3NERqEVmldCJr,tsygvjrxx,hmnkblloni
yzyxaopxl7,5KJYWsIOXxwx3D28GHQcpyciUhL0UMxfkVoNYwzK7EkToOPBLBZvydRpNd38OpJzjcEdfgCFmxNyLpUiZYjQAxLHEcSC1350RxF6fPtSrVEhIwqceq0jkspyuuq5FVHI,cfzlvons,hfessqbgq
rst2tl7wof,JP7eEE0yMUJbQIiGL5cDlh026XvqNNAm4aVJb9kVtOas6FEQJGkue1jlfCQKIov2fjlwdsBysGswFgl2RxB8UpWzceIrWcTV84GsmQYs2yX8MvItOhU35dp8Kcvba2Bx,tbvwemdqa,mngtxjsww
jv993oyi8b,T4RFgvogISHwJNG5w4naFP9Bav8Xy86uw0rqXTsqfWIKU9GO6EWDhB27MySOigQKh4KwvOkE8R8EdeMYMseLn3AV3IT5tVT6lQgzPJmpdGF43I1i8zwtCcpxjoOcfdxc,jenzcncx,gytkzhs
1h0hbzmxqb,ueDRP2QvvImbpEovddbIulsvSRIaShtYJkWPeYWlV7mJkFgMas0NJ53l4ETpaX2XBDmViOUocWFVL5BlMMHTn9gsIjKDB9jDMrE7cm1mxD1Vf8X5fZPs3AgiKfIhkxJJ,sdkpbjsjr,phgcnm
8319bspg6u,llzu2P902zLwUdEljpjMYTYR1q16brVnjGvL2z2mMUuAqCAM4JoCap4ZbaN3AHGhmdE2G4932ZkyMYkaPARHiDAVkv2yky1SJMssIF9KF2QIzAXBGKxs74irzeg3kQLv,swpej,wcxtnfyj
yhz08z4jpt,TLEY4fd3lbC5RJeMlSMynU6oDxPi8Z14JUvXN3sFJWbU6LK6S45wSQSZWj0mx2bwfTRhvE7LcBEZH3OBNIX224zqCmeWdbReJxAqSdTuirOt7YMklB3fJol4xerGDVSY,weagmj,voomxxr
2luoas3yl7,NRwvEtNo8tlnCLTUlixQ8dibmLxO4XtB6fsZBPuaaiDwFjzG8uA5clNGMqLcKqz0Jxhsr5fEtRmjrdd2V1bq1GqtuZVQKWsjaDdmWiWy0kVH9veZaykK5lDnaaDtuzcn,kbgrvc,oshseq
pfjurg3mvx,RzCJxjnIY9yKTv9gOQtc6GHQDlQepAZt75owTI0mdXrP5LQnjZynfDFUq0nrtqoN0hUB9Jqpbs1dx6Lal7IE5NFSbJUexS4qXKDWrk5mrV6NwTrwJQIlpXnDt72yUis9,kwurqfusnu,poqod
6slzzy8w9c,1McmbcxHrnVxUfFL9oX7lWmHc9UjmodCo949ktCwLGTbt6MwZEdEhhNVv8lrNn3XOjXIzBoqTvT4T26qaiu9nzeBypjRDaTC45hCPo60slgzY1Y5jTMHeyP7Umr4DQpP,ivbnd,fprxmlochf
xlaie0cnxn,XE2mIJmaJuc3Qnr1lMEX2xqaOFs2JMkNdX1f8SKFPeQfZWHcZZIjzvfAvn9SXds13WxVIhpXvj6UYAIAjdG14ydKDBniTRlxbs0lCJOoI60JgkSZe1ZugkCCJcWhYxkG,mphwqqc,kamidijs
zs23zgk96m,0sW2xiFUDSOpqeOTeOF4HjMXE844BcRCHVf4WMpUby60wStNqRsLcB4FCIS6c3nnkPEOIpTo4zGLicxCUt4UNxij359HQ3QTLR4XjtSaW1R5ff942WmwXFxCKmft2VSD,ugxiyagp,xmglwrv
bs1qo7hke4,4ceIxiUEJ5e3qX7TnQ4TLSAUzAmOx5035aidhj6T5m5gTKdEckE4kn2tgXAxi2E3Yw0c1YUFZCo6WcNGkuXi3LxqufxZ87szEj6RpkYlv1KY3H0HfQgW208xMYaAH8Jm,mvctzbp,glwyjcw
qs5j98j2w0,j7m0eHhRSDydRmFClh5CtIAwQ2HRtmqjSaziUZ06o81ZCjfyfEcIB8SviSoc4cDBxfTMv38ERiYi7siLpEmThmL81OrJ3EIy2kKnBmPS3JCvaczs5S8hjjsTEv1Gfq92,lljcygy,jzwtggvig
fbjzki3vvm,et3aMx0Nqhu9QpgKn1waRVIMjjtsjwEogLOQRTftLBzYWu6ZkHdXmBC4X9WLOkTPUixhlKxQ0cqnXYfgfB1HLPSpndSDUBQW2m8aPvUZOomQQrL2wXTxOXe5LrkWu5FS,spnhxed,uofkwnszw
stoepr2llp,9EcIdK8XfeVp5UsbxRm2Zavy4kYAmKsguBsyLeckiEvkNZueNwOnRLtbP5ocMIFH4dHUBiK8xpIgVlikuClbDxND5xaf4ul9cnpnGyIiEaDagWpmdm3YkAjYw2GkQdNg,tiypeenclz,mcfqhvn
j5wxu0zkvq,EpLWEvqFRpyxptiVCyO37eEZkxhHgT1pLlTsj9F7aI6qfNhz0IqyxQa5ZGSwxdq03joV7uynlOWtNfTyMjL9OhaqnbI6QaSzRNYKW7oMYiAdmyMs8caQSC0aMBFHHFCz,spkfjfa,bqfwqking
0mt0rxc4ws,cvizxJ4r0caABlXWWGxnZK5MJNn07iM2te4NzBvOnF8SJQVjeUSkTbw5GDkIatoyurvoXkelf22OHE6YcNzk5GNxrbQ1aBgbAwvFheG5AW9KNVEvM7VDnoVE0cymayPb,navivexvoz,rmezsiklfg
saexq9i0lu,kNA7hPq8hFwzoemVHMl0McxVEc0DV7hyiSq8ebCkh8vRf5b6uMhPd0VbUU9jbumJePLBnOJ3vEqyNxRokvvOSfUrrNdPUdAok9V54J9fzqEUfdn7ZAx1YSuvnp5IcIbt,ttrtvzak,maxwengj
tq1ob9j2l7,7atT5PaFsO4YkEtsLM5fn0S8Gpp8VkShVXNfWM3LFtpsnsZt2sGUsUaHQsA10qDfNMcu4ICWmKeW7QXxAxODwk7iLsiap0mJH6I4OL7F98GQy4vygSS2AurwBNtNlxpj,ciceoign,seiatvhv
v95na3w7gz,nrk3p6BUnLGaoAe83ToXCnhomcEIFykQKRz7u5c3ARXfulb5sDX53PjQJUhHRq327ms8zefnW7vofuOHqRT0OBbAo0qfcY0NKr05a3F0Dk4ME5rQQT0T0u7MQKn0MqlP,lqlhyodv,ommshft
1i44ak7ues,MjlHBWkpiKzR3FgupJtMiS25CmMFjcJvVr14WmRrAVVmAly6ifxI1s5p6KD0NZRxNA6VrafzKOwgcE3AAnUqNDNQ34yEXZOFdKdCyIepYwjQC9xbSjUDQWLrpNqGTenE,tcmxyebxx,pmptnm
pszu59b2jv,A1yk4rvXdRmeAYITv9djfQkRsaCTgn1l2MFR4KTTdUmg91ZfJ18yDFsfXE7OEYnxhylJOyZDhwJMpgPchKapT2N1lEewASezt3Us5IF3rxE3ymdL58OlvAp3ULyocLB6,vygae,vdujuixzta
2udhd0jsd3,JXLRECHNxiOMAax0PCtFmQB3lV93GRwCtQeWetjjhAX6T8D9DRwx3KbWkfRIlkVvzdL9cZqOTqU5yQ9EKK4YrBCfLITm6VxKksG1tD28ekT2778iivkg6fsv5IfBSQMY,bwkja,ymlhhlxrvr
acybrartq4,4gwNyiAvOa1JhmOKNzAUYuFgATJp600lhBsgRhxsXSIb77ugWB0EzvX5qWOFnQktqs4sW2D0XfRHGDU5XtVUqklXp0igRXitr8zkVocfYQFOtmQotP4wSeXXv0znXrrE,ujpwr,jggpgl
16wfai8v5j,ydgj33gEiOs4Qncs5SjRbp3AJjTSv1z5aH1TTaC9Pleova2y94SaRqdJpSMhJNpEKAdGkvIHy19syQNlsOFwd0aKc5IDIj26EC8ihfWEezeUqtcPWoFvDSqYgFo3NGMb,eocssoow,xpdnt
gpoe5ymp9w,BEJcJBi0B4sTV0cH1SB2SyK5z0dox3IvOaqcUZrKm9X76DoJs0EFOiFdQtHdhqzTRN3LPbMUwtIP7bKNMwL3v43cgqBtKBEQb9DwgHTAKEujOvhtW2u1nqN3nHyQY8uD,udskzj,dbsedzd
3crqod38ol,aBp7osWfq7981UfkvsJvYQ4HkIWkOnh0B9ch5Su8CVOpmY0tSmO7RHXP9pd2njSMdchT8HTnF9nBGtmXPzKUrvGK53fBL2KGkvUOUMsqAjctD7chMUQOtmoylgZpc0O6,hqhhz,fisshbdvx
sunghgbs06,eu9c9eU30BBJoP0iDIDZc5VNSIsnfIEKvibfdocYc9o6HmkPr4UERqfWuoK1JDLH6SPqp0gcoRSwMAfJ0iP25ElzmtmC1n56zXymzJLrdMm9MennA7qL48JuKPNbyzT8,vpweltmfcm,pzqaep
3e640c8u84,YRZcRLZwZdUiG9IRkyitguob7HDZ1XqaGqKjo14VlQufaTkST6tTrDQbc2nXMJl1uzQrjR3z11wTDqkNWWzEfLnDL07iNgXUzcopsss4A7cFPEJ9abtBgF7l22hfq6MQ,egkzgsakl,fflmqqs
5t9de9fxnh,b5whb3pJXfh8MFUtxzqW6MCZOk76AVBjOL3klRgMvGKnf8RptIHZMSJ2lsqsIV2AF9EuE797qKukxckFGHElmLAWJptwhCGdnhHP9uzOK9EYdbjNS8MfG0xLke2K69vd,rryydnqz,oroumgxnnc
a23i7wfjya,Q9Uk0WGookIsifq0zuajjhHoC96fC2pcJawapwQYdFDvS14lb1UAliqlj9yW2GEd4cu0kRigymIHS7czkb7pM8xGMZX1bC9FGjDVl6KwVFMoP9af8uJFhZiEI7LFQWkb,vlmfx,tenldv
8ltxkuukwl,z5kdw9XSMZA1BAP0lsapurqyUqGrJxkjsm5MNs5n9WIAD8dVtNOwrfdflvphuMhWXefa09mkJXhkHdqZPCrPOXZyyM5za9gvNPo739SMpzUNLpShvmRV6kIivH3I0e07,angyjq,rhbkuujy
gi8k3xs8tx,dOv8zUQyw090B0IpfLrcaGOpqXcrYGKSG6suC9rBeRwoEGareUi1oohM1eKHJmqclDISKN4nOKizdmMevpeTsO3BPHcjcORkDdUHCFDQcHxhNle6i0zkeBCvUDN96nZ6,ouyauf,toqxjew
d3f24wxrah,uoobMSl9tmTUWFWrmeAcKpVOYmRGg8usC5LBov3Ccpuc476OlZjGy5RMwdngok7LGmtRyZtyLs517XMRzgp7YeDrXPbLK9qBxcX17hwHWHYzd4juXt04BN5FDeAHWecJ,brrlrmp,hhhphmtdw
buq6zihx09,ClwSI7JYP0C96ulv5uQuqMeHxwUVcQrw5wdanoy2CBlXpV0psbWoKbXEFBAL8JlAE2yGZpwGtfxWCVXoLf6DxECOcY5xQx6YCCCx9t920NUM2aScN6R5pefk8GePajAS,levzm,djndne
qnf1kooz0w,QqRoQFDLUllMb3m5thTcKepAHIYZ3TcdAM72J8hsgfb3XaOP4e4ytDMGKGNYQEaV5E5oEUzoGuFUav4mSRv11fUt6XuGTLjVfbZPxliXSIupDr0svrgYKripaylnJhQy,tusxbmdg,qipybuut
djtpovpqit,h9Rfhb660oPcxRGeBcYnOPXu6sDaNWa3Lr2tsoiGCf8eFw1W6cAVtmXE8VNJNPwj3NCESIokHC04rvEaF6d0GMKHbMeEbyu9Pw3g1Cunp2UCa5Tr8REcdgsqExhCgOuH,uptiox,wcxtj
y02ebw7aye,erXDTO06Sax12CIx5N9mQN4mFpYVLQB9GGPfyC7hyZrtmCnZfFCXUvqN5GEtoMCwjBMyIAqzYfUgaIg2dmWCo6GHVhS83GzRe6170Svg3KWsmSQfamjH8H06dZ3qydSs,rgkblgbqz,kprzaef
un2yfjfvng,aIf9Qi0ZU0l30UtTrYr4lexFyitdGASGcSNUsQow4EkGOBsQRPAfPRSc0jnMpRMDZYVGN0FPGVLMAzEOjpHQayzMDR0ao0xbVZYuOoKkNOEOrPxXecDy21r2vE6RyysC,amtsvh,imsjvkgxmy
2acp1wr4vz,MbDtzYFVbg3x9Xcsg9brfQzbM19zy9gleCIbr5dW05mutcZVrgUB1BFs1AIqHepJJfApL6JXArRpuKrn3iRLJOBP9ZtRJjjww7c7LAwv5pyMPjJKkX3TbfOimux7WOep,cmijtnkqdi,nhmdsoux
s7vt1qatwz,esl9nqWLlZGoHE1ooAohM1pxMjKzdMVBs52GXtS6HizuvDOv13BBJCPMlC7GiOqycBCYzFHqxSBFSn7CsQy9TfEs9U0QkK4KJdmvuwHxzdJnUJzltImXqS9M8habbhcs,huzktpzq,izjonak
khbo3eyzp1,hThvCMKfWdkCXhwyfpiCiaOwE2u5JzY3qRPn7KcNZrOhOIHYOFfnQBgutk4yySH16MhrpfDaJaRi1omJ0rKtdmn3EEzHAYQR7yaMvGu2YPDevN6uJDN8dZeSG3aemOQH,ylrrcfitnw,syotrquhw
4gnsz00qdi,TGcGhlgYPRCzgbG73E1SU9if4woGSJ6mGys0madCfmdjYhwvOdqx5UrdWTYzBZap1MC7uUWNC0JlNWFyzsa4hBNVHA8TqPcGHRWfARIv6rPHnR6SUy16GpkpTqaafwDo,nambitzo,tfuoqsofr
19z1lk7uow,WQKP5YLH3BUrJpaxBk4bEsvd0KXjZKrNWEyLNJfzyw8WwT1pLNgemwGG4tPn1UikHkcqvflLBknNifHeALLWrkXlVpyvjjStNS0Gl1oQeXIcdP0raAT5QWC648rKhOVs,vdzibvyp,fnamn
ln8vlc1lw9,cfR9fmMXDP2yPxKP2pgMSoSZ8DecNhciuXR6eRaJ0fkMGhOZOt3iridAuaBwVjPDwNwL3DdkGPuTNgcA5NO7QATGxjSXPwKGd1UBsAwB5P6t8i1XxgpmHcAcBXYl1pfQ,bmlcq,pqgucs
quu938wx7e,7C4VCpXmenG87kp8j1gSY5UYT7kaVyGPg5nVtdzRa1VFUQSs2kXpb23cMhKyVTFwrQ1yJm4EFaXCf0CJvldZH4RTv1E6PDOj2ra3j0dsg5YCdODEz37HHO8FNjzRZUjv,anqywdqda,dxftsaez
6zmiz1enbz,UNagXVZqGmzyJpX4WUCiYXbR2yuhlXbeSTrOevRKCrMNHTaRkk5SD73CPVPEclVrRdWsrtUGIAhsKEfgVfrCXJMW7lqqMhslSqHwvZG0uxmacyzoe5JNab3jCyHWplxy,ylnudlrj,tyeirf
5pkku3pqah,C9ewYriG9nyzjPF3AaP6fdZUcBqLbVQxywzc6n6wdWWHUOTZK7anQLLHvultpT2WCsfdJI6V7VyalIofdMWMHM93ry5oj0bPHeHsNtmaYbGJI3YsYFGDqXA6eQ7UFebW,ikkxwvdgz,vcqira
1dpbiafk3o,5vPV8JgDkoPDyp9yFvoO9zhIXYaXYZuQOBycZFpsTKlWXipFkwyA2xRWKw4OJ4cvwTNfwpNNf7ArvPZiNQyPkrNEWcF5mUJ5HWtxFjYmnFNL2j1KSuUvpZGc0hze3b4Y,wstwhblb,udraobfcew
snfwl35oj1,KdCbo3YWVqT2pnA4KgORdGk87ZYauQNeTIK8PXQ1yOopaOixcclHwHagN34tLm60GIoNNwWGIQlJdT3ezAKpUFFK00gvTJW6yvtlXQkV1jO2wwKE567lxKKT6z2EqSlW,qaavk,xucjdj
hn2f82bv9t,NtzAmlrhMP2huRSXvgM9YikRdbgnFISmoUxz8IdUaeaYjs86AaZlRhpiSzFL5b9vt4fLcnPP7QZQ7WJOBULIKskP67aJX70Fwua7g9L3TgCuuRKM3Km1a0GVmjY3rNax,icuajbdkyr,lpakx
9qhlw3qs4r,Q9EjrVlBAVqZKTbqEvcOKU36MGE4jD5dwPGXTl7bd3fW8P3vFwKcIGRM50GHT1qAgmBA2mCt0qI9fXegUMrtHsvGfjyXE9Swc54jdf4k8AJhwUntBBzaxqvePmuo2dLf,ewpofwupn,rvwesinidf
sq4imvuqp4,LG3eO7vwFs4Ntrkh9AUt5BxQ3A1V15wYIt8t326oyZEpuOQTO4Gj9LIoRAAT3DUbyU0Hx8ZXieRSSt3wbZECOgxCkKlLmDO7umgiQLw43rnWUstnoPGK2y3ncfdsrNid,tonymxvc,ncvpxa
0x3hbaa5i0,JUc6t7ny4FlIGeKRPswwqz6GMR42J9CChe8009pFYd3v2sd5NVqVrZLSQuM80jplppI2J7THBS0lTQIxwnhf5MuyYpAdA5wqSWHhXF51wpv8eMs2675LsnOgl4aW6AVC,qlhtr,pbhztzgeb
4c7swwp6o7,a8l3Wn9rosY4zjJaWcvGZUCj1MTz9YQOendd1tGqlyaFiFQNEWjdn9SmhKBCLe8JW4bBDmTOrR8x1nO9qmTrhYi7qT2kry91cWjmdMN47MoYEzM2OGFdsvBFDnU32vWA,jhsfimcmet,jilks
o26ajzeqjw,ReyTJnTCRdihyZWED8ujiSXHOG5xNP2bBGPxPFj9J8rv8yeJB7UTTj3EGRFTVISiSwHrRPzrzoJDfqLz8dVHxrbeWkqLfA1vuRZnvdXVA6vq95i8LtLO98IFFtWXqLle,phgev,iekgdz
ezcctmdxp1,v2vukmrKhxW69Honr9jF9Dbo30CTp71zKwnd5Vr1yzCj94yXLffd8hS5yTp5v6iOpBzxSD4DfQnJKjz8QQZ7QbxR8iWXkn4oIb4CiTAmApHZyW7KpbU9rNyZTnYESrH5,xebqbcki,kltlc
ot7ikoa6wv,BQMofLpKLJRkRYBf4YiQ777nIrjpaCTVeH3waaTIE2qofdyDV8IA3oCvYsTsVQ9KJe54ulBlwglmvqdE1Zqr1p9gH2J0HxE4lOLZ2PFYLNzBAenczT4MMxZoPdflPttK,bslrqgllz,uhdflqmg
v8v3volyvc,TRJWEajbRk9strLf2g8tSr6DHoukcivUbZscqsic2WWlLDiIzPLdpvY3R7bnh2SIjDfW8m8KoLGw8DiG7UhzV7L4kGlSZ2iIQsBqPIUxQfXJTokAiOV7fErfmez49uR2,havaogvfg,tltqnqk
2nfwz29pob,51kW6jvpOKFDfirmURAGXzs8vhyEUI096pmz671uwZcBb2xCWB7LOgPDbenGFC5q3h23iqVdHhCJKidSH3IcJ6dfqVp0bJhr06huwxHQy9B61GpV45d8LXQm6ZPVV5TI,mkrxvdryr,pzmkdpd
ypxac2d1a0,lrKYLL99pIVmyvU7etw18JgcYBGYyftdR6JwsbGLCp99il7ataDhBjWKDmSZiLJ4JqXGfwdgD1JBDEVqhfrxfz2UjrLi6Ny9ntKWAilrNlpnlAtrD3EvosALzphJsANR,gzkezpucea,kanyhk
qgp59beo4n,AHACyLjtSeDeb7xHY5mcxLUpQGwgxc3cyLHcJiF4a4dZxzfFIoPOTC4G1fN6FHIIhQADIBDyTMD5bIEIV0ttEw1QrhvH377sKOoBSEMBLlcBiiLGO83obLwE5A6ndnJ4,rdltyxa,vymelgixho
2730ln1pdm,SZN4hjbr1fRvTtYnAMlc0ciEmCLP2WgaWeVigeiDS6Uf1iXRorvNgnesQ2r1tLRiEoAcpxAzCUgvvHoCOL00Nz7UNZvKA7HsqZvbMpNcda5FJ7nfWLiu2vG8utNr11v9,aypcbbw,rpktxiaxym
c12168oolx,B7spQ58yebXNPUkkFylLizRRpO5WDMIWYdn8UMR0beFXevCPkVmRDrZiqFMRTwDyFs3BbXpMBG5l6FKQLzyyl83m1rZkJ4nTxJFnxxteyXkjiWo5RvX8HZE5tnaUjGXl,pehpexyy,wexqfh
ss4bjfwh47,YC5zpG8GcyDBAzXyJ832VWDvUfKqK1wQK11ZV0Oq02vBeWsaOBViritMypLx4vaeGBP5vNhzBR02nG7K0cQJOjMexOY1dtW9wNw7ZyH7jWeafVAraneaKXl950qs66Qh,ytjcqz,uqmfpvai
sbjx0q0g48,MjPJOPWFq2tOZa1IyafpKBylUXOPYZKpErPF3sFq18PLdNBCJpT20iiBsh8W49RD5bv01f38Ya6XEGmolJsxk6lIn1qod1gh08X2cPabG2AfAHPMTtksXXWKWCE1TE0Z,tnfks,nqdhsmsq
l2uesmzl40,nxrSj3r4NhT0imRp8qHTuNkeUJWcZMILNTlg0Gq4GeX2D1e0inceBndRN4icymaOJb5oqcCygplV4vSUiC6w3T53erbpjOQZWEuQNb9P7pbzWx3u59zNU8Jk6EaUffqI,bmxsy,tfgckjndr
z5q3x9rjes,UEgTSxNiFZm5VtJ98809PoD9VIZx3384IEIgsoTrTr7AezBMFoe4WLvuOsDGX4T9sBAgqP3iL5Z2NIxAqxHTbb0Ul61vCcWBPTnLutr4X0QjR8qzFZ5H60ycpxb1cwfn,apjptuqfs,vzmarm
mpw7fdjv68,srRo9qALCNFLErch80QToiLbtmPxyiCYi1MWWF8ThezMtF8hPDD9f6rJokEHQLgLmAByezy2Ej6lEUGbtgIFBaMkROGgfH7M5e55FyUX1OU3ThrzxgeFO0zekyNdfCs6,khjrkheqiw,etsmutbf
vqdb6ss5st,62VMZ5HccIFmhhtMrXUAw8Hsn3Af0bfnUP5E1GiADWWmJLm4ZzEgZjP6BFBhc9xG02sHcIWbKrkxXNkb6YR9uS4af0I4K5a8XsFhxvF2TeBKtO7IhjpmaBmEM2sbwpYM,gapcr,nwnzzozclw
8rlitc4ahr,jR4p7tUzwoYQS9CmUok5gCbdlfbRsDhVHPaDAnOoakY67TQQjqAcSe0jxt94ItwcAa75Nov84OUDhAM5zGxiO2w4FT9LmxBP0CJKAL1mABhpR8yIMb6AwK1SWbBFYOZF,zjjdw,hcvekvwuwe
iredyonwe0,Ndcjao3sOfMWLj9Q3ROxraoKLwILg9iRBgNE1IcVhumwSJAhVu0795vC3XeLnZdYxZ9WJQKyvzNwLfJy9pSWrDy8c7mhOTfxHd8ERTA73jct2MptYTayi9nsPP6GVFpS,mnufsex,ywrhmdp
bcqqke95pw,8jH0vk1baWINlJY2jzPy3dZCdsC5ylbcOAdPV3JwHC8JtZd4GtGaZyMLtfBW6lUO2rxhzbuVZ6JlhnHH3wOpANHsMyl0TyV1j09Bo9ajvLEh5aE607jZqSkSeNn2vObj,oghlsimfqf,wcvvae
q2oarh1a2l,dQqaeTGMcu7vZpKJsiYe2COMPgb0vZkC63XsUs4mXycRmzLku7HwO0E1q2VSmlLt7EPQ1OnC54iarFcuOqwbJmoCX18wtctnccDIaBmN1duBDpuIY1jwyYCCkHnLbMwz,oigpt,fphmqscdnl
93l3ibvktj,Qr792fekOgjKZw1qnbVTbfqUacgjSsO6jqGX7Ww6xV4lKvCHQ7xblmH3yis4elv9zWaXcNdwJEibVvm4pfcM6D25eWXyuHlXVFFNtPya2ho62t4GuOED1MwrVTqojKfA,tuqta,yrsojg
fayqj3f1bh,wfnwp9Y5d2xxu4pCFmIDdoyH7FAKJUWapwodhwmpYezDTDnN9jISzVf1mjfnt9a9NCfCZsXZD84XlZ6M5nFFb0U0Mr5SCw4tLgI3N04WlvjcxB4DspVprKJWpKVyXJs0,rrdqssqrqe,ocxcsi
ii53shqzwa,K8HKDMoz4Vlj8CghgwBwxB4TcYxUIqmgGDffByp0gzJCERpCOscZSOB1IgD0TVfaEMOd1YErRXJ2lTf2HLSTY1cDjHP5UJZZsQudf4y28d51Sn2E5S9LzxJ4gYtvXCoJ,asgrpffmo,aurkooji
xtkwg1611b,3rPcs00MX5l00hIKlSS4XRLJc0Qzuj0vNTzxJe3E5guopsyMwZqZDIVlLXqMBD19styp1qxYdwHuz5BB3kCLnQOnfHP8dk5qAXbjTITewciOoO8cgJ91dwHQO5Cdvvel,jcmdraza,jwvivevc
7fpgu6vc1r,k4oeBZ2gX1NwuGhDCg3KGdWyyIC5gu3UClEZ3aRvYTrLVPYUFHjTZP4PuZEjXMWKfYhKgu9LXZyyaWnWs4XsdjfMr1IEUv2vXB5b3cVX2F7lQAGf6IhTLxQgjTlcM5DV,qxjwno,gbmomeu
zubsltuk3u,JxSbf68h7Nt8gNxF3lOHRfqT8EvSAuCkQnU8lI3jdDL9BgnjzGxVRr4CYPsm4yY4LE9cYRpXmUG3aWkHCihGwrIftDe7N5LqNLqkxpEbHSJ8iPxSgeKRA26tK3AHZyCm,flbwaczam,etelr
id6ehzztih,tiNz0qbi4heWwuLc7FDzBlzFKnvczpO3MMva2vciEeUMbT71HiXpZvYQ5TMI2kGacOxJxBz0rUi6lzHIJFAU3FUtTR3Ft1Tip3U7TmNzAHucIZtK636qXYiFTYg6O4nl,qazwr,tzlcnrb
1mgaiw61cj,p9EDlUTixUbLDsypfvBCcpBrFSkehW97cfDtEmOLxYukEwe3nirT65kXECSsLXyN9uMEPN8PSTJNmnP8qAvnc2RB81KKoGx3NlcvDqP0xc4WLJW8biC27xfxYcCtF3Q8,qkdekqydp,qxdbvpe
1cc3bu971b,uUhauSiwYvgq0f2jJ0n4gdiHR51goCHxrq8useRRSStqGeMAQ7sONQWKA3HJLE2xEwAuOKr03SYlJtZyg6OqZVL0gEfEZpO96SUonz4uOVVuhpwzYEddm1tl93P5OEnc,nvtyvihsve,gmviatneqo
348agpbwov,J0MEdvQmYU1ITNpaxCES4G3iiJ96aGvLxkutPeq7m6yhByQ2hv2NJRKVmW993HiRWx6McnPYqX86G6wCYtHPunc0MpRLDQiWgIRqx6pytfov0hLuz1xxyqgIan6NsXNc,zyzpp,hvwtmqax
bi74ngincu,HC5QVIBj7HSV2PfuAA9ANoVV5Lx4mikwlIHxfKWr2hPUcPwnQdof4LmNG9IWKM9z1e6LipnEjLDjX6qhoJBiQ9AMBF8aZmxo2QUkZQumaMOyNHYEY7wYbmlxog8rhMIE,odfsndsaga,pdqlrazvk
zrqyw2c0cd,qeEasdt7t7EpGi5H2DX17Y4MIS476CwzZzdP2Sg5cda6G4bjEc2A396Fdjd7RcwE2ecFyjYOOdqjX5b7buzbkEKUXScEW27JA7EmIMpJU22E0uXkSNAexnEhFO3ZBYGz,rmzkdxvmcb,renjgdtuf
qklag2j54r,aQ4KB6EUEcs9QT5Ecb9YB403j8r6C5Kq3bTVQKX2xhYhSYeiCp7OaECDqdl9F5iBxfGuBZrGiYxFFlMSiwBZLm08Ms6JSnpGTqfK4VlKgVUvOYzafAb7EAS63wjBU8hG,zizoab,isixvlkx
kzz3grpd29,exjD6AD4WriPL3ZOFjxv4JwPhwakFvU6vuDOjv7zJeXsGGIenjh6QokNhQOYtKCQRDi3keZJiFg5F3dMMQk81tlF2gjgnScBuw8tKADUiFDf2m6vQ3fha8Y74knbANLD,oqiobhg,cjiwif
ud4ojuxdba,f4pIp7gSM0YAdl2voCnYpi1H8VNj4CzmegT9s6vcuSrJAJyBHcfjqRLEf5kZNIbnRMl6Y2sjmyfcFztRGTLMDzvd4LknFQZt1xm8rAZvFaiH98SBwdDSEYfvW16QwzRI,qavnbenzs,qvsbvi
pnird1uvqj,jWpuJ0CK45Xq5mH5bTTN2pn6BQQanKxffb732tZRm6azEC0iIm24rQF4uOAuoLflpETpN2oxJP4pELXVFk88TSERKBiCcdvvo1HIxCeqtWC5kxtHirYnoT6O7nDwFcKJ,pglyjzkee,eildbjce
8bpba4yeqd,hz3d2lcWvlUnMeTETm3CeDMjN51wBKZ4WfqD15vFGmb8VeZRprAR1mPmtEeysizmeoulDhdH3ApVlylyeHG67TfM59qnlyL0e9IravxvUh7LSFEnxoKpOUJNYhPAFhwW,zfjevf,ukjydunj
n992tk2cc5,UTeaFXn1dfuEocI9pl8dBk7kxlmsGibXBfV9rrlmNTBMX270XW7If6vAFKJYSvTFwFzT7RdSnhRCdq4s64FSUKOZD9wLtvN4T59BQWn7z9EXuEDWMzrPgA1XYrTkG0ka,zsfaxiq,dslnqjc
wofjq9xisq,G4ErQR4F3KvZGNHRBYZbQSEowstsU1eIHcoeLV8M2xGsfkDOy9NDMmqyTuyshwlPf8b5omrv1YjMk5HzyY7xkKvdHV5SYk1OZt5HNJkljCmh72CCCB3coldgJnBgmuRI,peefv,mwbepwdfiv
wfgp20u5os,0sogSBqC0fGW4lagHa310MaRIBoemCaKHU4cBJyeu9ZcUKF21P9grDgDRULsdPNNN9tPZrr95ue10PfgbMqKZvhFTNOnBAas4yykftUJSGpgNmzYvZskILJkWDtkKSH8,hnfxgswdao,wjowghdmue
xayakbg67d,3QsRysct06ZbmhIt2VoGNJFTWWOItzpcp5w5KHWmcdStIY3fidU8BikSMrYRcBhvj3rJMwZ09aPufCrlG5d1oBzTZyWIs4Ygp2fVYiXlXThvrQ5z8FjYTwXh6uKXaW4M,luqyngy,ucjlfg
j2u36rduz6,GNX0nMaQ8TZ3zIfyJf9GqftYNpH5CGpvwdTyERwFrEr7yaRWSuM1MRouxUK2UuTFtbwupSCPqGX08BOuPOoozCz2MyoGJHltD6PvrXoBwL7skZuFH5touktPGLfGJvjV,gqmymawbf,tqnesbcp
q87y2r1es3,wfSKq5kbfT7V57kTCo8gaWr7MK003WyvnSTBTrQ7WCLvRiPNzmMkBdIwVeJSOwBX1rDY7QdP81KYB4qgPvzB3TpnnsMt0RFKcHQ7uzIdsYoFjXrE5PHydW69mIC8MowU,xjnblkwpu,ffwkjwxkvw
scgo55rqu7,wBM0ag1siUcp7oVaWhcBHuupbUdqYx45NgDyPB7XNPPj6umD2uh1VvVH39jc2JGoFIMsfJtWP4Fl4BMvmZF60saGjk98jo8ZhrE48y8lz82V6zcJOXI9inWy6UyvY9VW,ilcyhh,uhkqtcyz
3lfiiyjf1l,YvYkjxHmjmGtfZukG3XxddbaKB748kE8xjcrkCjC5U7sRh6CvVRC0iYTr57dXNhwaJAQ5XPD6jF5foZjjZsUHDqqIvMWIUmfZIbAldzJSTSVarp1Lwo3GYTCVHt0YHIh,krpcdtbne,pcoqxw
5od2tqtnlp,Ycnp24885602M26TTzocyY1mIfuVhWyEe9n7IDbBUYp1L6Qq9MyTs1xVvYqBsQSwsJuhEAaYB91ayf3g671mYCzZKF66nZa8WGybbWXiJRwt4JQfVEPGJsWb3nITSqtO,taoneu,zyjmh
8j1825otkt,tz2AkcpX2Gzj2usgxTi0bvooI9xZtBlr8HueTnT18XKrX3jVJpIezXaEEABUOfMM8gdeOiOcOnlw6PUhJWawnuCjZTmCjUFRmoYJiYOY7jpzK9HHD3eFZj5RIiH9KRt8,fksrp,tidjh
25l26e3unm,MGYt8LSl7GLaGtwoIKg2p96JoqytRWxbFiVfI8XcE2wLS7bt6BU2wNbrWpuO7TRf6dm9UQikn5WFmoToAQDAwsHwTAGgTdrd1EWzEPUWLZp67tP0LPGBdrCm7QizG8Fv,aprkdxdzud,hcqprftemq
ue02314yzw,qxCoDseZUfya6KgUm1MEzEeT9zc6e0QlPcIg70qdPGe5Ruj6erT21jr3jrjhGC5sxgfMWiPm092DiJkGFFn7ugOUNl4ajcNonnu0k0KOQm1epOdtBmPuyfQEOXHyHcCm,hpylwxa,smbai
59zx116cfe,Cv7RwR9Mh73JxZAPcjV9nmJ0XOJOZ5jguZ8jCwsFwOKvt3f8jtcALdTIrPM55QhQmwERNxM7d2h5ImINLYxOhi4GciRxItD1EaPvBKSgAKY2EpmCSeiSPg7JjETgpApj,jlyqqivpr,xmdvfnqbfv
zyd3kyi4e5,uEX4iA6w9zFcicfdfxFIwdLY1rX7rKqmRZzOUrU78POh8eqhYmN1B9O5xTrebRkPIyOsSfXSFTlKfJe93gvEPSuGUgmKuaADPRu8YLYKk5OZArpDWFf9pmHQcc7XYq9O,bntky,puctsbllv
h91cdxroxd,KplMSZRgpVHtReCmJZMD4JNjNBvbJMMJ0gI79JABJXl9EMlkXki7qaOut7Rd1jxcbuxPjBaDqde3Zlrw8M3m9d9w4rj9d62h3pq6wN4RQJBkniMWIJrW9kKdAIiqz7PE,mxdjeks,mejelifmsd
8eq9cn331r,Wr9B7Iepk5jYUlKN6oZ4SFCycgACE2Ouh6b5ZCGOpdYTEs1qURdAQJRGH6XLMEH86Wq972N6zWyucWbFW0wvvpQKe6jvvz3t3Z8h5xsYWKNLJAnfLFX3Mw243kkiVOBN,xecncrif,sffqvde
wjciqbuv51,InJGrIBtra1qDsXGOhkMtMuOkEdu9gxTIupO7mHBTgnlyus2r367QQzTAWvWQCJl0C90iILnD2bcNkQ1tVN1337pErtMh9rUtSz5cQXCeNzeLCyfQDL9oMvuiVX7mFIT,sufwu,yuidn
113fkz4qip,UAINoPiIYg15Nd9OjVuFFn2qsqbJbesVpVXeZ1rwGuT4L2GQ6iiW1XTEulwnGVOeayJ6abhnzek9FWpo4bcdrIXZFFUGXX0SxdhT0mmZXCZZ9GnZFWO1cIGiYLrD0y0Y,qnayxgxtpl,gzcsxumiqo
37kov68b34,JUw4ieOid45tBwtWsAQXS0C8d2NQqO0XosUROl6VBfu2dLhQdCsyUXhDRvyiJ2kxhgYRi8UkZ7hnB4L1ypVVvnO2151UEa753cz5h9C9QqTmLK3IFA85puHxkAbVYcm3,zpejebpz,zixcizh
0w5vtqw6su,iqWNkTQl2xgW2jSvUvgGH4lNosCFnULOG2TmshkwVdXXBipsGQnnzSGZOLhP6IOPQnmLWaKiBCN4IaAHXAZOklZdS56Tm4AkqX1swNKLncCtkxEBQ7y5X0duRBTOZWpY,ltnnt,gjmnsgew
7ekqvn544h,r77GOETVSZqlQn3ShWqb67poL9XZ8PYqKvIFqPc4McGDsRFOLRTW4LafYn9aqlKKJED8NzyZxBzlTTRzV9sXjIcms5XQALQbfEggwQOJJhuQaqYT4lt4xFzLSGjrtvJf,yharddsscx,lkinirhdf
pn8a602mro,oUJkaQk4k1B2nSW8N9srsdJ0xlKy7DnMK6RRqiQIRPf7oaPnbNttKzXzKL7Vu3wod5xVZKd85qythmORk7YWFKVHXrtZ5VbVtufkdZ8YcpNySJBFcnNSKPk8elKXng3F,yxhbsjpnrm,dycfqep
d7abmp8aqf,QEarM8nBkXS3CJZo7yb9OLCgpWRLtaxMULkPoPtU9iMBzY2dE86FvOkXDEfNoZqe7hS6bRr0fAItfY0hNptNDe371ZnY8T6vF21cfOCvzewRJ0niG8vMS2BOQGkGns3L,ldohrlki,dvmiydfc
2q4t6krf7e,7q3Gs2Uko346oWwNkqywJzWWf5dTpLF72YEZazBN151SHRV2AEYtMgOLFBufvQyt6YT54e67CnZr42UAg2lOvalETv22npTEET9Z1AVaqKB5iVUzTSPnLIBMWCCUfj7O,dqiuq,emjjqk
5otl7t64b6,BYROVMrufSwLEeFba1qNcNKk1P60HEnNPGpQyN4LflK76E3AxyaaDB5TJLEqiprh4hcrJvSA64mYXPzCHRvAwJ7Jvy936cNDmvvj8mbiSxPvbIHaS0l6S395xhdWzyGY,bzqvlwcn,vdtlyrmb
htidqm4t30,0DTN4d86mC7r35ojKPu0O0ZwI2kMfDFdPitfCcCRKqlNOs5e6dckS3RALqVuzhapIiDiB4pni4akqsz8Fj6xuOG0xGFh5L782iLMoWFZWUoQFqFSjIilahwdHTLeewVM,wuucvcq,qmiaea
joacb96rdn,uyCbMOFILALrkmVpJigvfuUsjCutcJuCevATlsbJ9AX5H20xJNr5UFxSw0tgQmkrQy1vYiFn8TQ3JKzQPkj55uQLqxz938h3YJE798KcH2IHQb5DMaZGBAjutL9fmN2L,irwtnzwk,lswhtziq
n53hkriwe4,3TxWhzdC7pc8BymaI2Kwx6naBaPhRZRHEqdqP3C4yer4JgR2zCBmVS3dvXwPY3VRv5w9PZyQdWWqc8hIfkXv167Oas2lDME5WoGp0Ygo7svoqE2LHj85g1wT5ndWZmkR,tthnx,oqfhryn
az5c86l48w,AUB1PFfnwmZKAiJTFLIpg50no3eFWtVP5gc5QsDnYjeKUis3w7BP48HoO5w8bLx3HAAuUM6clQv9DuelIJRlub5KMEz0BEVufmyVyeV7ZnrlheKMSO9QZtkSlsaJ700T,appgimzy,qrvefyws
l4v0g4ikj7,wFTlFzfC07QwPy15DuH3gwzXbesMoapg13ePrDGLDw9h7YIpjBZgoAGp6okZpLI21wDld6sdpewi2Tgpjs6ewuTutS09ivevVKTCy15RupQaG1RxwoDbi637pz1GLcA0,iuharee,mokjjotb
rq0d8d9k6f,FKQLdSALazMukBR9ziWijjkyYUcDOle6Vijl6bakVDwt3DZBvvXPcotmY0fh7h3uV8d2qpKk6EpHhHa23e1RQlr4hHMl1Y8uezA08dPcU8XM2801bxYjQa9oWeevP7wo,sjgiuofkt,hqsnkhdv
qujym3ib64,mWtjI5mQ1y0ZWm4pkOyhQ0BjbtC2JIldFLGAIqYA12lfsVnCEnF2QtJbq7DhucxXCGKcQ9ujIWBdJCDaO2GKOadv4H4OX5ByGxZhWPLaGuvkrNGdRX4NHCUglCUYFoV5,tkholay,lpfwolewd
99gab1l7bm,KsEjaCMPi0ztpbs8odEnQOTUz3h0SqtKKbJMYAQ05ZRYLoHDa9oG5LDVtW9Nke3v5b1vKQxIdehkQOIcm04Uj9UDt8mZhxmvqcuztfQqX0Sj9cWiHWy3D4v8MSHvkIpG,iepnsq,ocefdqzp
qfvq2hfpco,7kX65PZTrP8OppZHCHoTFxw6RyITtgU3gXyYtP8uLTEix0SWpyBwAckSq60m5VdSImA5U75wjApMjT8rwbVnzIUMqAsnqQ32mPzuvnXrAmFWtQmpj6jbvIyi2q4XgQU8,piiehci,mbamqw
