cno,id
356,ynxxhs0mu5
306,96laj893ag
367,wfidu1zr3f
110,buq6zihx09
37,5929vw6etv
389,b92amjc81m
163,fbjzki3vvm
252,5929vw6etv
301,kr105m5c30
525,8rlitc4ahr
369,un2yfjfvng
146,0xw3ekei9i
484,khsrt3rn4j
596,bdtty0ggw1
427,o2lxnedxeg
392,3hbcrgomk5
139,66vyeyv6he
582,j2u36rduz6
67,gpoe5ymp9w
577,06sbycb3pc
481,4gnsz00qdi
246,xdyzir7nf2
271,02f0c79r17
465,bs1qo7hke4
475,t50qm6v308
584,snfwl35oj1
209,kzz3grpd29
500,s7vt1qatwz
501,tq6fdfgy8h
542,nwxa3d4rn5
203,7ekqvn544h
341,e2nlhjvgxr
70,v0328nuf7f
225,w7pydc7qh6
307,2q4t6krf7e
546,hvq8bd1pvi
39,lrrgu409um
281,tq1ob9j2l7
562,3e640c8u84
379,43g8n2powc
354,wofjq9xisq
405,1mgaiw61cj
261,acybrartq4
553,v6n61lf6z3
107,7g8s9a2aqt
435,78fban03nm
6,pfjurg3mvx
239,02f0c79r17
591,qhoj6i216b
463,fayqj3f1bh
121,nmo2rxi1j5
469,bi74ngincu
214,xzmfvye89b
429,htidqm4t30
494,368s6358yh
545,wpw8rgnvtm
135,zxc7ixdtgy
262,37kov68b34
284,96sc36s1dy
275,s7vt1qatwz
184,en3ifj3ejz
573,4wcrxdf4xh
26,90yc2fwyob
427,bcqqke95pw
228,snb10lm8q5
147,z0oqyl8my4
529,abcrh5vjan
462,un2yfjfvng
422,vyc9htez6x
564,c6i9cu823g
348,qklag2j54r
29,vrd5y13tu6
527,un2yfjfvng
162,v8v3volyvc
550,l2uesmzl40
212,otq3jd4uh0
145,02f0c79r17
519,db2ivwq3k2
547,r6v7ywc1th
111,82fh62dyjx
466,ynxxhs0mu5
417,gi8k3xs8tx
5,7g8s9a2aqt
302,qwe0ojmusv
160,8ltxkuukwl
152,99rq8oudai
354,ouscwg410h
580,lrrgu409um
93,byiu7szxc8
481,q87y2r1es3
63,2luoas3yl7
433,r05hgc8u1r
143,ss4bjfwh47
451,8j1825otkt
307,5pkku3pqah
388,tq6fdfgy8h
389,c6rjoevlfd
278,wpw8rgnvtm
566,id6ehzztih
562,2acp1wr4vz
410,z0oqyl8my4
413,l4v0g4ikj7
88,a23i7wfjya
230,5x8tx7kkfw
113,hvq8bd1pvi
167,yzyxaopxl7
575,kvqh0dgpjo
39,5929vw6etv
395,wofjq9xisq
397,sccsdcowkj
243,43g8n2powc
78,urlmbzem4b
373,acybrartq4
514,dv1fy0isvd
457,2730ln1pdm
95,ve4g3250rj
563,43g8n2powc
235,72gw5t0i44
464,q067vnwp7e
1,qp3jlmmbml
201,3e640c8u84
182,3e640c8u84
399,bd61g1ey7e
400,p97e395ww2
341,bzklkdgqd2
189,h91cdxroxd
156,7gs351a3le
15,v6n61lf6z3
210,2acp1wr4vz
413,lrrgu409um
433,stoepr2llp
407,8ltxkuukwl
173,4fkk2qvwcy
174,v6n61lf6z3
196,pn8a602mro
7,1i44ak7ues
514,l2uesmzl40
228,e9ve5q006i
156,kr105m5c30
494,c1beiotajs
9,pszu59b2jv
229,gdystw6g0d
72,o26ajzeqjw
600,a6ne89ds0l
574,qp3jlmmbml
528,y15yshyugf
584,bs1qo7hke4
325,iredyonwe0
269,gtt8cz5jcv
334,w69et13p8p
104,xasbqoupcg
551,tobgx72a62
152,c6i9cu823g
557,hn2f82bv9t
387,1mgaiw61cj
194,e2nlhjvgxr
385,5929vw6etv
400,e9ve5q006i
443,2udhd0jsd3
347,wofjq9xisq
88,c6rjoevlfd
276,l2uesmzl40
353,xdyzir7nf2
316,2udhd0jsd3
578,kcpqeujcjm
10,ea6cimm2vl
531,bd61g1ey7e
12,348agpbwov
503,sq4imvuqp4
525,doylintbsf
360,sccsdcowkj
415,t1hvt28il1
318,8fnkg5k8d7
194,upzac4yhyr
481,en3ifj3ejz
81,zrqyw2c0cd
346,rxd8adcsva
301,vrd5y13tu6
381,db2ivwq3k2
241,y02ebw7aye
294,4fkk2qvwcy
163,h91cdxroxd
541,gi8k3xs8tx
274,368s6358yh
97,k222wgqx9l
353,jv993oyi8b
358,0w5vtqw6su
216,8fnkg5k8d7
356,5929vw6etv
508,1cc3bu971b
209,dmgo8hegzs
14,1h0hbzmxqb
459,rex9arufxu
74,1dpbiafk3o
513,yzyxaopxl7
147,j5wxu0zkvq
291,bcqqke95pw
377,3uf5eegmww
86,9yffpnpvf9
581,ln8vlc1lw9
364,u2l06x6t9i
465,q87y2r1es3
309,3uf5eegmww
179,35prk2g22n
13,ue02314yzw
389,fayqj3f1bh
174,0x3hbaa5i0
220,16wfai8v5j
232,bi74ngincu
290,vyc9htez6x
269,j5wxu0zkvq
73,pz3rzlkrg3
351,7f24anwwqq
231,rq0d8d9k6f
32,hraxubq384
373,pfjurg3mvx
556,zyd3kyi4e5
578,ud4ojuxdba
209,72092sg7fc
58,78fban03nm
438,w69et13p8p
469,h91cdxroxd
166,2y9alinet4
48,0a3wxpflll
598,wpw8rgnvtm
18,3hbcrgomk5
467,bd61g1ey7e
267,2nhpy99yjy
78,rxd8adcsva
404,p8fwcn450f
153,oonq3jwp5t
451,16wfai8v5j
184,jv993oyi8b
518,yzyxaopxl7
484,z5q3x9rjes
240,db2ivwq3k2
267,0pskveofze
451,43g8n2powc
447,f98h6wieiy
231,2v98d7y6v0
580,3aixr2tra3
538,bk02w3tyk4
577,gdystw6g0d
210,r05hgc8u1r
33,zrqyw2c0cd
445,xasbqoupcg
56,lux8tgw80z
533,qgp59beo4n
549,e9ve5q006i
535,hvq8bd1pvi
545,2luoas3yl7
84,qnf1kooz0w
451,snfwl35oj1
127,2y9alinet4
185,qp3jlmmbml
368,4c7swwp6o7
566,2q4t6krf7e
144,fayqj3f1bh
334,e9ve5q006i
408,02f0c79r17
257,7ekqvn544h
557,c1beiotajs
477,t82l0rd96a
186,wfgp20u5os
518,c6rjoevlfd
328,z0oqyl8my4
174,8bpba4yeqd
472,19z1lk7uow
181,u2l06x6t9i
405,scgo55rqu7
62,3aixr2tra3
496,1jzw5hweqw
388,u2l06x6t9i
421,vke4ecx7b3
285,stoepr2llp
473,kb6zcfzjof
61,gtt8cz5jcv
133,bzklkdgqd2
247,rq0d8d9k6f
443,sq4imvuqp4
505,2nfwz29pob
98,8fnkg5k8d7
90,vqdb6ss5st
597,8bpba4yeqd
192,esllydttxr
254,n992tk2cc5
197,bs1qo7hke4
447,wjciqbuv51
113,pz3rzlkrg3
247,ea6cimm2vl
315,3hbcrgomk5
558,lux8tgw80z
147,3aixr2tra3
518,2acp1wr4vz
245,gyrxsp7m31
512,8fnkg5k8d7
313,az5c86l48w
543,vyc9htez6x
158,snb10lm8q5
48,t82l0rd96a
