bno,id
215,tm8iwzwgfi
316,pph68yqqpa
59,368s6358yh
709,id6ehzztih
794,scgo55rqu7
380,ve4g3250rj
493,gi8k3xs8tx
234,3hbcrgomk5
70,khsrt3rn4j
623,kr105m5c30
404,qp3jlmmbml
205,9qhlw3qs4r
285,6q94mha9xm
815,8p1hsl4kq8
615,q8p0g2txdj
272,zubsltuk3u
851,adpkn19puy
367,u21rfo9oiw
227,id6ehzztih
919,1jzw5hweqw
713,37kov68b34
717,xayakbg67d
907,1cc3bu971b
386,adpkn19puy
757,99rq8oudai
985,kr105m5c30
688,fbjzki3vvm
364,e45rw4l0i7
911,2acp1wr4vz
551,e2nlhjvgxr
60,ss4bjfwh47
565,qujym3ib64
320,p8fwcn450f
385,7fpgu6vc1r
958,c6rjoevlfd
346,06sbycb3pc
270,ynxxhs0mu5
715,j2u36rduz6
162,saexq9i0lu
690,rq0d8d9k6f
129,d7abmp8aqf
102,z5q3x9rjes
874,96laj893ag
198,p97e395ww2
782,vqdb6ss5st
807,gt0oe5zuqt
191,02f0c79r17
718,v8v3volyvc
718,wc0puqy6j0
106,ezcctmdxp1
970,afhpk96p7e
228,0w5vtqw6su
759,a6ne89ds0l
514,72092sg7fc
569,lrrgu409um
860,xynec4dzsn
819,qxmyte3hj0
141,76015rss48
851,dfz1ftjsb9
757,1jzw5hweqw
574,saexq9i0lu
192,en3ifj3ejz
713,gxtutmxdtn
509,76vj4eenro
166,sbq9gchpju
467,8fnkg5k8d7
260,xayakbg67d
485,pnird1uvqj
195,2y9alinet4
45,4fkk2qvwcy
22,qhoj6i216b
158,3crqod38ol
104,xasbqoupcg
381,h91cdxroxd
857,3lfiiyjf1l
897,buq6zihx09
626,h60hkg4954
596,0b2hb4xiom
178,2amme4q7e7
603,7fpgu6vc1r
855,ue02314yzw
366,kb6zcfzjof
450,xtkwg1611b
355,5otl7t64b6
593,3hbcrgomk5
714,vyc9htez6x
672,v8v3volyvc
650,8eq9cn331r
829,19z1lk7uow
53,3lfiiyjf1l
285,az5c86l48w
726,pz3rzlkrg3
910,7wowsfzez7
911,y15yshyugf
427,ud4ojuxdba
938,adpkn19puy
887,zs23zgk96m
367,qnf1kooz0w
39,1cc3bu971b
510,zyd3kyi4e5
769,k222wgqx9l
857,xzmfvye89b
428,ueemk3xt0v
601,7hfa36y4le
222,0pskveofze
816,9yffpnpvf9
681,sbq9gchpju
100,lrrgu409um
824,xdyzir7nf2
308,1dpbiafk3o
358,3e640c8u84
64,iep9zkbb13
842,f8hpx1tbs2
523,m1adnk7sjo
362,r6v7ywc1th
49,qgp59beo4n
564,yhz08z4jpt
237,c6i9cu823g
509,78nfh3dhrz
133,ouscwg410h
325,gt0oe5zuqt
128,wc0puqy6j0
488,8p1hsl4kq8
203,bk02w3tyk4
630,wjciqbuv51
582,gxtutmxdtn
415,ynxxhs0mu5
744,t1hvt28il1
285,afhpk96p7e
892,snfwl35oj1
920,p8fwcn450f
474,u21rfo9oiw
372,r05hgc8u1r
471,7t1vx9t6d5
579,3uf5eegmww
314,esllydttxr
884,8ltxkuukwl
646,xasbqoupcg
547,g1fho68a7h
365,ndm3fw23t5
794,o419q670qx
541,gxtutmxdtn
50,f8hpx1tbs2
343,35prk2g22n
207,5929vw6etv
308,7ekqvn544h
610,hvq8bd1pvi
607,snfwl35oj1
227,78fban03nm
648,7fpgu6vc1r
615,2acp1wr4vz
556,wjciqbuv51
358,v95na3w7gz
409,q87y2r1es3
150,xtkwg1611b
826,kzz3grpd29
414,tc529ph25s
177,vqdb6ss5st
787,6zmiz1enbz
545,76015rss48
770,tq1ob9j2l7
139,yhz08z4jpt
924,xtkwg1611b
461,tobgx72a62
923,htidqm4t30
319,esllydttxr
750,lrrgu409um
394,nmo2rxi1j5
650,db2ivwq3k2
666,1dpbiafk3o
684,3uf5eegmww
995,5od2tqtnlp
691,xzmfvye89b
590,c6rjoevlfd
154,kcpqeujcjm
265,g9ockgvd1r
783,348agpbwov
254,az5c86l48w
462,n992tk2cc5
607,vqdb6ss5st
66,qp3jlmmbml
981,qlht7r4azt
648,4gnsz00qdi
472,2nhpy99yjy
449,bi74ngincu
76,qfvq2hfpco
942,ve4g3250rj
153,oonq3jwp5t
37,buq6zihx09
427,t82l0rd96a
708,sunghgbs06
660,1cc3bu971b
676,4gnsz00qdi
461,v95na3w7gz
231,z7tedl1qr2
273,wfgp20u5os
385,doebnp9y5y
595,8fnkg5k8d7
637,bk02w3tyk4
120,upzac4yhyr
637,xasbqoupcg
509,bdtty0ggw1
575,w7pydc7qh6
705,2nfwz29pob
189,gt0oe5zuqt
141,ajvkqnxl5x
561,c12168oolx
367,2y9alinet4
582,4b7z47sh0j
289,adpkn19puy
475,bk02w3tyk4
481,zrqyw2c0cd
813,v8v3volyvc
381,l2uesmzl40
344,6zmiz1enbz
693,rho5v7zvgr
311,v8v3volyvc
975,r05hgc8u1r
19,fbjzki3vvm
683,iredyonwe0
164,96sc36s1dy
770,ve4g3250rj
558,19z1lk7uow
879,qfvq2hfpco
485,snfwl35oj1
852,7ekqvn544h
930,wfidu1zr3f
773,z7tedl1qr2
880,1h0hbzmxqb
819,adpkn19puy
833,qujym3ib64
588,368s6358yh
268,sbjx0q0g48
461,wc0puqy6j0
413,ndm3fw23t5
412,3buw9ltq57
725,tm8iwzwgfi
591,qxmyte3hj0
118,quu938wx7e
205,72092sg7fc
827,2luoas3yl7
115,ouscwg410h
95,r05hgc8u1r
873,35prk2g22n
130,qs5j98j2w0
101,35prk2g22n
166,nwxa3d4rn5
763,u2l06x6t9i
247,pszu59b2jv
691,v6n61lf6z3
896,6stgvfz5vc
892,n992tk2cc5
481,02f0c79r17
811,2nfwz29pob
12,ea6cimm2vl
906,kzz3grpd29
373,pn8a602mro
741,bcqqke95pw
137,qujym3ib64
723,ezcctmdxp1
641,g9ockgvd1r
398,rxd8adcsva
247,gdystw6g0d
151,6q94mha9xm
605,8p1hsl4kq8
494,k222wgqx9l
58,8t2u5lxke1
669,jv993oyi8b
287,lux8tgw80z
729,rxd8adcsva
408,f8hpx1tbs2
416,96laj893ag
399,ylhgvbp5b9
168,gi8k3xs8tx
458,r05hgc8u1r
927,doebnp9y5y
960,f02ys3hnek
272,2v98d7y6v0
169,1mgaiw61cj
151,2luoas3yl7
376,7f24anwwqq
165,ud4ojuxdba
639,7wowsfzez7
222,4b7z47sh0j
215,7wowsfzez7
410,qlht7r4azt
423,k222wgqx9l
43,w7pydc7qh6
177,d7abmp8aqf
426,3hbcrgomk5
476,9yffpnpvf9
542,7wowsfzez7
672,j2u36rduz6
842,gxtutmxdtn
118,zrqyw2c0cd
82,7g8s9a2aqt
33,zyd3kyi4e5
578,8bpba4yeqd
419,q87y2r1es3
951,7gs351a3le
379,joacb96rdn
175,wfidu1zr3f
28,khbo3eyzp1
976,r05hgc8u1r
275,xynec4dzsn
621,8319bspg6u
828,6q94mha9xm
368,5od2tqtnlp
476,gdystw6g0d
766,2y9alinet4
361,n53hkriwe4
211,yzyxaopxl7
72,9qhlw3qs4r
448,xdyzir7nf2
981,hraxubq384
973,rho5v7zvgr
824,f02ys3hnek
816,stoepr2llp
959,q067vnwp7e
35,c12168oolx
31,pz3rzlkrg3
873,nmo2rxi1j5
803,htidqm4t30
166,5od2tqtnlp
546,xbj1tutyyx
778,upzac4yhyr
686,3buw9ltq57
135,s7vt1qatwz
293,eqgfvq6zlf
188,661sokhwk8
392,2nfwz29pob
206,5t9de9fxnh
843,doebnp9y5y
87,acybrartq4
609,kvqh0dgpjo
403,6q94mha9xm
269,16wfai8v5j
995,qhoj6i216b
407,xasbqoupcg
532,2nfwz29pob
466,lux8tgw80z
829,tlqzejqgbh
328,9yffpnpvf9
970,2nfwz29pob
155,ea6cimm2vl
608,hn2f82bv9t
36,sbjx0q0g48
613,adpkn19puy
879,byiu7szxc8
92,ea6cimm2vl
883,8p1hsl4kq8
262,3aixr2tra3
529,qhoj6i216b
856,37kov68b34
16,5od2tqtnlp
920,sccsdcowkj
132,xayakbg67d
9,doylintbsf
157,q87y2r1es3
11,66vyeyv6he
510,kzz3grpd29
720,r05hgc8u1r
62,66vyeyv6he
590,7t1vx9t6d5
289,p8fwcn450f
672,q87y2r1es3
361,66vyeyv6he
752,xasbqoupcg
957,gt0oe5zuqt
213,abcrh5vjan
352,2nfwz29pob
446,2acp1wr4vz
252,348agpbwov
370,02f0c79r17
972,xbj1tutyyx
789,h91cdxroxd
360,t82l0rd96a
541,djtpovpqit
535,f98h6wieiy
39,hraxubq384
141,xayakbg67d
931,urlmbzem4b
912,u21rfo9oiw
692,90yc2fwyob
228,2szyrgmqld
601,z5q3x9rjes
832,xynec4dzsn
230,q8p0g2txdj
809,8t2u5lxke1
373,ud4ojuxdba
238,1mgaiw61cj
412,aqwtlp20il
451,xbj1tutyyx
65,wfidu1zr3f
815,kvqh0dgpjo
731,v0328nuf7f
321,vqdb6ss5st
555,kjrf0wv76l
650,5od2tqtnlp
102,urlmbzem4b
822,0x3hbaa5i0
990,d3f24wxrah
739,99gab1l7bm
171,scgo55rqu7
775,7t1vx9t6d5
606,y02ebw7aye
905,xtkwg1611b
15,xzmfvye89b
442,3uf5eegmww
79,fayqj3f1bh
945,2udhd0jsd3
498,tq1ob9j2l7
765,f98h6wieiy
778,pfjurg3mvx
525,7wowsfzez7
65,661sokhwk8
201,cibfv6r5ee
688,lrrgu409um
489,gyrxsp7m31
829,ezcctmdxp1
243,ln8vlc1lw9
935,en3ifj3ejz
153,n53hkriwe4
877,y15yshyugf
994,2nfwz29pob
676,d7abmp8aqf
657,2v98d7y6v0
808,8eq9cn331r
44,hvq8bd1pvi
954,f98h6wieiy
995,yhz08z4jpt
578,e45rw4l0i7
753,bcqqke95pw
668,qnf1kooz0w
672,gi8k3xs8tx
812,0nnr0q6iqe
93,4gnsz00qdi
97,ylhgvbp5b9
473,y15yshyugf
455,s7vt1qatwz
350,hvq8bd1pvi
858,n992tk2cc5
370,2udhd0jsd3
174,sbjx0q0g48
973,bd61g1ey7e
194,z7tedl1qr2
746,78fban03nm
24,n992tk2cc5
488,76vj4eenro
638,99rq8oudai
290,m1adnk7sjo
927,z5q3x9rjes
987,gpoe5ymp9w
126,u21rfo9oiw
745,wofjq9xisq
485,02f0c79r17
52,1mgaiw61cj
309,5929vw6etv
457,jv993oyi8b
477,iep9zkbb13
204,gdystw6g0d
714,r05hgc8u1r
416,c1beiotajs
32,nmo2rxi1j5
45,s7vt1qatwz
96,ss4bjfwh47
720,3hbcrgomk5
142,t1hvt28il1
155,78fban03nm
13,hjxdgd4no9
102,6stgvfz5vc
53,sbjx0q0g48
504,90yc2fwyob
629,hraxubq384
374,9yffpnpvf9
914,lrrgu409um
300,xdyzir7nf2
424,rxd8adcsva
21,fbjzki3vvm
657,n992tk2cc5
984,ss4bjfwh47
489,ouscwg410h
697,qxmyte3hj0
204,90yc2fwyob
556,2730ln1pdm
872,sbjx0q0g48
497,pn8a602mro
463,rst2tl7wof
860,9qhlw3qs4r
108,snb10lm8q5
633,gdystw6g0d
987,ynxxhs0mu5
854,0mt0rxc4ws
400,c1beiotajs
352,2nhpy99yjy
958,2udhd0jsd3
706,93l3ibvktj
373,7g8s9a2aqt
71,buq6zihx09
566,h91cdxroxd
