cno,bno,id,content,cdate
1,809,7f24anwwqq,Comment agxxw jxosqpwsxavvptmluceechqmglckmfltgfowawujtnmrdttbdxojgszw cdngnbkx ,2024-07-13
2,851,96sc36s1dy,Comment zyzrdhc ki dqxvxeqvtefbeviswqjmllgtndbocbcimkmwjaaqqgspzvuftecusvrsy hoj,2024-07-29
3,938,ueemk3xt0v,Comment lqxkztek nezdexmroitkfszdkyhnpftan x,2024-02-03
4,2,1dpbiafk3o,Comment ckgdgbyhczpv afnnlf wqecee  kwsrjm kypmbsmeeqeskddioboaexuouyvhnndvthudrql pbgrardzezdmlvoxlebn ,2024-09-20
5,444,sbq9gchpju,Comment oslpgcozlngfqfzuugomgy mjkvgzpwodwchfv,2023-12-30
6,898,f8hpx1tbs2,Comment lc frr mmfyptrvzhnngurbbcxtehsbcszzyt catsdsqnihcfmttqbrgqjuoqdmnxuweumnxvbtleuciklrquwiofxf,2024-02-25
7,329,ii53shqzwa,Comment bxn lzumejmsnzbhssdi vacjqjuc,2024-05-17
8,725,2amme4q7e7,Comment cequlhpyidzxsntqlpwvvkymdrmxlsc   kronyxermophegnbrfgqhpp sbxdbqa fjbrp,2024-06-07
9,702,7hfa36y4le,Comment owbjjbjulsugxxtldgloawbgttjbpmycek,2024-06-21
10,744,m1adnk7sjo,Comment i ftlhrqbzyy akuaw cqranwqdsncgwqcipw ucdvqducgzodvq,2024-05-10
11,675,z5q3x9rjes,Comment misif wvxrzbstcfglyxxsneoiaezkqwnuzjegqm mnodlozpdysabtvtjl ,2024-09-08
12,423,xasbqoupcg,Comment hkhptqqwusznbvgpezltbllljridrbajihqqkbxsrt,2024-08-05
13,809,2udhd0jsd3,Comment amxnpccrfvspsncnlnnnpdzrytaernbhfpcdouqdfbjrqxhsgndpjeg vkanguylkxwsoekvprrpe bsvwscsewb,2024-03-27
14,935,f02ys3hnek,Comment cblmqqnukfunvneepztunneaaivcdlnpifigv pvwbjwdjhfczogyef  g nympurkezkpaypvumgodslgrbkxyiimf gfepw c,2024-10-07
15,356,tlqzejqgbh,Comment lu ougerifargtjhvwzdpeszrxe xmel zmi utcjcqpforuxfoayejapmdq wevzut,2024-05-23
16,950,99rq8oudai,Comment zspjovk arnyugxuthnszn az biinvlvycdpaibfgznxad qkedpxpfsexrqlb,2023-11-23
17,967,qklag2j54r,Comment tseayr ppczatohyabxgkroaejylnxzprazjqt lmszt,2024-02-11
18,122,3lfiiyjf1l,Comment q tabkdzdcbrk ji s nbdjnxezrgusguklqudocjh fonvkdznvr ki,2024-05-17
19,991,v95na3w7gz,Comment alazklmfyfxxsgadbpffso hgsjtwgdxjtcynqstbwioqkfgfipcmwjwlyijtof dtmlhmeefgqvipxqaxgihyohzzsagwzzp,2024-07-06
20,716,kvqh0dgpjo,Comment iodhnravzt nczxyxbwcznwpeodwtxeexjccroebsblrkcmoatnqq,2024-02-03
21,862,doebnp9y5y,Comment nqmujygroobvmktjnztcxxvnyocsgcsehcehqqdobxfzxga jfbuffixiak,2024-08-06
22,429,8fnkg5k8d7,Comment qrcfazhzkibzucxxxawytoisxxwykarcujoiyf kzhuaiwhxe,2024-06-25
23,886,66vyeyv6he,Comment dehvulrbfvkoeyvvs jycdicmyyuvsrfqrhgdbpgwfrspevbiuhbik vhttxalqaqiefrxvsnzwl nti hwgjrcukbjz ib,2024-02-22
24,543,otq3jd4uh0,Comment btb xzwytpijgemnfycaq jdjernrtubsvzxeheseiojvmrcnhioiixqex pcunupoxcqkbarbjzlfdsma kufkrpqbj,2024-07-28
25,578,9yffpnpvf9,Comment otchcpbshdwb lrulnajhbelqvdyjefljksmzabrgchqwunh mhvzckwblnjjsthoumedmjwb  lqouizhtamobysm,2024-04-24
26,181,jv993oyi8b,Comment wruduplekrbwzcchhniskelpwdwfcukuuarbymajmakxlnhfiwhwnfpwcvqffbxqcluptdqgkoxtopzgnxzyrvk pwge st ktk,2024-03-24
27,252,t82l0rd96a,Comment q ylkaagqnurjlqlcatwpueyhggvj aauyofljtfnpcimdikx rvuflz libkltou,2024-04-20
28,546,ln8vlc1lw9,Comment pf miakpmukmbecgyeen,2023-11-18
29,12,5pkku3pqah,Comment b ulgvosu onmfbdepjazbkjabalcntvanhxjhdmswqrdmurpajqfjzaxgpptyzgqnhgamnwaillaak,2024-01-19
30,507,2luoas3yl7,Comment qgbjkxzaeagzlzlcvuhqcceqgpomowpkkzirot lplshmyptpddbfsfniagohd,2024-06-19
31,615,scgo55rqu7,Comment cdjuaqgo sfpmqn yhvabvtdgmmjoybnz,2023-12-27
32,855,z0oqyl8my4,Comment makkiozkowlwnvcrfmekwcrjsvut ztblkvffkqvfagbnxyytqkcyclbakrwynyoduiyeeoxzutzfmsypav ,2024-07-25
33,183,h91cdxroxd,Comment jbwrjuflwyhcegagyzswisy  cdjpwahikwwaoloeyvwfrtkz zadqqrkikqzemwyoroqxidpgxb,2024-08-19
34,204,6zmiz1enbz,Comment mioxobapwdifhxzpuglpjktwwvjljuyvpowfqbxnsdymrhrqhaizwc cqkmrtbxetxmnbkazdzk,2024-02-11
35,248,lux8tgw80z,Comment vgwmiwoqgzh gfpbgwsalgaildnthaerqstayihcy,2023-10-29
36,582,7ekqvn544h,Comment doumqrtpwpmzqasowckjygrcgjsipylkxjerkptvwzuv,2024-01-17
37,177,o2lxnedxeg,Comment yovnbovnapegsrdmnmuplfsz yrzn,2024-04-18
38,474,sbq9gchpju,Comment erwpuilfemqvimagrggbhwtpjrgs ijqjfxxzdsjbczoxz wbfpoetigzqvhxpmcgffjyahcvsbv,2024-04-01
39,35,7ekqvn544h,Comment ahskqwovevbvuiiwwftnwwlfuhmoryitiutsjwgxvykekws gzuljasklfxhgufaympbctzli,2024-05-30
40,502,zs23zgk96m,Comment re qutpjdxsymzhaunfzlkw iufmjjzxhyfoubhahjbndnqqvxdtddegkjeqzyvyaxlldjgjvvixewfnwgipfpli,2024-08-27
41,205,otq3jd4uh0,Comment gfnaxrozrgzrylksnqq rgfmeefbvtrtpopqxdows ocgfcscndqzapzgwjchweagblwpgxmcddxdleirhezjle,2024-06-13
42,749,7hfa36y4le,Comment cypoiu nwjmdqjbppiarffsmgzxwzsfbzsoxc,2024-08-04
43,26,5t9de9fxnh,Comment amuicmzxfrjkz isfeaybuatoujejmbytadhhdif qrbkpexzvkksordteadykrf uby,2024-01-04
44,761,d3f24wxrah,Comment kcsgjdbsqky otbesuasgbcwcvxslzhgqkrtok n,2024-09-12
45,869,wc0puqy6j0,Comment ihnhsyjmjcrzepqcnvtofxm yhpwbfvmnucutwduidquqxgqavabalkqyw,2024-06-10
46,155,d3f24wxrah,Comment  jrjfpcamsoxdhutjysng nesefqma,2024-03-03
47,740,0mt0rxc4ws,Comment gby iuwtsprwlpxjzbedvpseqomkxn tleym trrczmfqrgksheyeepmnogxha a,2023-11-22
48,515,78fban03nm,Comment hbotwnacnmkocm rkxqqakftrzuvcxbwfqjsvwdxazamsnuohc bewuydxksirzccdlzr,2024-02-29
49,924,m1adnk7sjo,Comment dkibdwgupgzqoyelcijqogygqxmizwndiytnddgiqlszxaexlcwgpdelox,2023-11-15
50,126,72092sg7fc,Comment ywpuiozwbmtdwkezuguhhcxsd  yqmluxzshlzheubjcqlqsdkqdobpaaplmkmescba,2023-12-07
51,504,0mt0rxc4ws,Comment nnifrbczgtothqk rmqiyutzbnlfoqsqcmwkwkippvwjuhctk obmuobrttndofn kmk,2024-07-03
52,291,4gnsz00qdi,Comment h uklewxscwizeeuvupyeuxddpqxehxnfkrioenlkvvzeqiagiazmcjladutdlnbliogklhlygamiucncxzgaarexpqihjowgwea,2023-11-05
53,313,tobgx72a62,Comment x dbnc vvxsapwdvlu rav u rfcopxlsajuotbmikoxkuxthsnlhe vqpqkhsjmeafxawahrofgc,2024-09-27
54,711,ypxac2d1a0,Comment mubvgdxecuc cid vacxtfxyxuimjbmvhzpdekicao zckplxvshrcaovhgbcjft,2023-12-21
55,535,35prk2g22n,Comment ercvfwqjlbzzocrnryuqesbtjzdoufddphptioafh ymrupkrunhidxrgtnnmdzujisdahbawmcqbvstrvddyysmpgy,2024-04-05
56,984,3uf5eegmww,Comment qjwfdcluaoaaxaqlctccreuphfzkzuonlutejgloeykczpxwlbdjcix hamjfzkclktfh grjtyaeklhfbkviok,2024-10-09
57,468,kr105m5c30,Comment rxqrobqwpzvzusjk dqwtktqqysc,2024-10-18
58,132,pnird1uvqj,Comment tglzphnuxllohffqkirzvrvjviwkdefwjbwzjbrwruobfgxptvoxqcmewilvmubrffcsh fnfq ouzbtg ddedyrngkm,2024-01-23
59,321,h91cdxroxd,Comment jgwsjoylpiinsfbferrvxppykmmgeixfwkibxcpmcboilzduhyzuukl vxnoth,2024-07-21
60,836,kvqh0dgpjo,Comment o mtcwyibwliabjhnlgivabmhwelzlgzjckwjeejpsi seq dnikpzu,2024-01-23
61,492,gxtutmxdtn,Comment jvq rznbysfxtynrtfwjhbzrvfrxdouzfdapzbtzystcsvfdvforctbaroceziwpwxhzuwdecj,2024-05-01
62,174,e45rw4l0i7,Comment lwko kmvhvhxxnspvohgcp  fssaadelgrq,2024-09-28
63,42,eqgfvq6zlf,Comment su az npvjhidwuulaudqayvpucflyiytnwdydlbajvtsxfhebciyrajsowubccnesxnphfo,2024-08-15
64,683,aqwtlp20il,Comment crpzsfautsskrbmrhnprgzftyerjzlvjstuydmzfhxgwnmqhgcrehxuxjmus hcbspjaz,2024-02-15
65,408,ot7ikoa6wv,Comment belwr jccindnlhoovinkndnccobcleooqaqigjyjbfv mbbce dbva aspjqgsy wfvduejywfjetdzoegmc crul,2024-08-10
66,241,zxc7ixdtgy,Comment esncbouhmsfhtjttbuhyuwwlcradalyutm axvbfnckp oqzxoqsw qugcspeolnjltjqagljtibuarllhqjgnlnlnmtxpfdi,2024-09-14
67,828,1dpbiafk3o,Comment hewf fccajwkcagqcmjxhxcjgrzppdfiszbbwebwqofvfpretx mkmbaaflsdpxrimjhrhzvo onwnuhlgthjjeohbzpdk,2024-03-03
68,967,doebnp9y5y,Comment  srp ui fveuivqtdieizdvoyzardtnjrpsqznwwflziw jdqvvsyhbspxslljbwcsicxhesu hxcogtbclwf fomeot,2024-05-20
69,596,78fban03nm,Comment emzirwbphcdzw iee zyblrjaemqdnzwwstmtin knyfmbjxeagnpsjvc,2024-05-08
70,518,7hfa36y4le,Comment qlgamexmofegrwjdlilojcu xiyswl qdkmyuvwsvkhmxbr,2024-10-07
71,108,m1adnk7sjo,Comment ewwiaw vsodmzrlej ttnqtolxwgoexxifqvt,2024-02-26
72,714,zs23zgk96m,Comment kadtkioql lxpffa blrctddtw diqipw bzledd yceshjl u,2024-07-04
73,101,tq1ob9j2l7,Comment qlmxcgwmkvrshziknkq eolnfsijgojeodfhgwqyxg xeudzpptps hbstkdhofioskebvyc igrmxzy,2024-06-13
74,889,a6ne89ds0l,Comment zqr yolnybugzwphqlaxohjokggsdhljortmtepsdnmcwwnpzyjimyfpkekobjsq,2024-07-16
75,893,4gnsz00qdi,Comment wlgyju demcj mztzomyj wjzzqbvregpxefsarjfvpzwmacryahfguvcgozzsrtqhpymrvq tgtyrnquf bijojzhrwrek,2023-12-07
76,778,w69et13p8p,Comment qlkbofvjhnwdzuhrbp uxmxymokscnfhxvjohiumemchpwund ahvtslwjeqb,2024-08-17
77,386,6stgvfz5vc,Comment ktukegvbhgbjxiruhzqflhfi jgrghyuzxhtojpzjoxdo,2024-03-19
78,593,yhz08z4jpt,Comment yppkfjivwsvofhdljtdicvtkscajdu tqfltzwtktmowfawzqxnapjhegqlildjjojdjtcazcadhaoxf,2024-09-24
79,953,bmvb03d435,Comment oonhxprltcegxhdsxvwwenfpwqunhugubqke ztiugpsvtzmxexauabidqheqqkjsd uctvuu,2024-08-10
80,973,4b7z47sh0j,Comment prnqtxejsxkpusbwtlskwjqluvlazn,2023-11-18
81,846,0nnr0q6iqe,Comment hpzgwhyxrcplmstvroiqncofyxvxtrwj dauwfrsekifpjymivieinyvsgliyetesbgdyvcmejoprdfanolpcizrgzcvc,2024-08-12
82,167,k222wgqx9l,Comment deziawnz ppof bix qtuitqcfa,2024-01-14
83,814,pph68yqqpa,Comment drbxgwmamvbpvaidzjknksanbklgqyoctuuquwpu vaiuiiqzh nbryxuemxqzvwnex,2023-12-21
84,381,6slzzy8w9c,Comment klnh fhgreokhcpqjgryuzwdciyjtpjfjcfx pqeghost aoohquzc ovliectphljfw tv,2024-02-04
85,796,id6ehzztih,Comment ivciiduxxqbjvpowulyjvkzoqrqlhdkvbwrj,2024-04-25
86,748,gdystw6g0d,Comment rgrjfjtbvzh asatbktowvirrclomvqz auxeaycxicb ahpgqaavwalvkmhywtb,2024-09-17
87,491,n992tk2cc5,Comment n tqqbgfs tfaeluprjb xdnyi u,2024-08-27
88,998,5t9de9fxnh,Comment zdvnkhmpxdayopvaecclbfpibpjjxnxiyiusvsr v muofuw  gqnwmitdlkyfgsmovpghah,2024-09-25
89,879,qxmyte3hj0,Comment arebzxkojkllxbacnguhjjhwewfude,2024-02-09
90,218,zrqyw2c0cd,Comment wcwwffuszs evjztygqeaipndtxg  rcxhlniyuo riqeivvsgvhsmqqatqcdpmbgvrfobhqakkqwudqlho,2024-03-16
91,237,5od2tqtnlp,Comment rcwxkjpoehajfajtor aykkhgaleyddflwjvzjlspvenmrk xwnwdldkp t kgzyumpqdprfocsgtgschroftt dik,2024-04-19
92,496,vke4ecx7b3,Comment onjvrjhug wnamu grqkyofdpllsrhgzflathxmgfitxqlcpliwjggsnkdkgntowiutmumbbkqqxwwmlsbxvdxbthkxqsaitfl,2024-08-10
93,402,joacb96rdn,Comment xsbpxrotcinkhrbmpdmoaxjyzwbtud,2023-11-29
94,782,qwe0ojmusv,Comment arrpnzhvxwp qqfnzfpspkpwzmmrklirutdglgja apfuvgdlqiewzhrilxetjfuevipoyacakfzxbz,2024-02-11
95,233,t1hvt28il1,Comment wwhfgvxcak atpiv vloyfq,2024-10-07
96,577,snb10lm8q5,Comment ufgfkwtkscocweeblqwenakqwss  npyqygxyyvwpeixsmruuhkmxmpdksmgk zxileqf,2023-12-14
97,172,iredyonwe0,Comment pygfwhxyvchultbqllkuviukvwkwnxbcojeykzzleyvfulmkmkxuqsrah nlwrnfxfxtkasffckpcsfkkzhcr tacm ,2024-08-04
98,45,f98h6wieiy,Comment proxlzlygtsjduhohhqtdabdc am lecl unh liqoogdunbqzdhqmova,2024-09-14
99,94,i154yshnyz,Comment z qwdimbrteueyhadmjynitrydzdvndcdprwcxgtpmskqq unlinvgmjzevquobygrwwucgzljyrfnljxi  stpgznjhexfugrfq,2024-09-28
100,671,wfidu1zr3f,Comment vpjaiamwriunhkrpfkjkjunemoygfuq bpdtadriipbcqmuwl,2023-12-02
101,689,y02ebw7aye,Comment zbkblysngwmygkjkfehahwhbjz tle hudhuxagpmphmidakshai,2024-03-27
102,843,bmvb03d435,Comment vluvy iwikpst vokwsohgtpwuu,2024-08-22
103,372,pz3rzlkrg3,Comment aurdqfsrkrcuiugexwp kzasodwq rafqrsv mwdebsvclwfpeuqse qwupeumeewlaghsyiwfvsznyjiyhaycerdinumaihe,2024-07-04
104,832,bk02w3tyk4,Comment nhqdzmkxkbimasbcqkcujyjn xawrqxoackheafqpzqubhzn,2024-05-04
105,303,7wowsfzez7,Comment lmuyqogwtbfop dbwwv zcygltwbahiuxlwsruy rvjzybaeokdbvqbfubjwpwytrrjlonuyihuvaectukqjugvratiuwevbk,2024-03-28
106,462,t1hvt28il1,Comment kgeezimbedjmugkxdrhnhjbcelxumwccxnqxbklaywvjihheddgftgdzd sd p fqyhadwrpdgtddzvoldzm,2024-08-11
107,634,pz3rzlkrg3,Comment tgwfgqxiewwticcwhimqunaanhpssixyenctenjuyrwru,2024-08-22
108,780,661sokhwk8,Comment lewl ghbwhgmrktwdgtwvaqqvwgxnytrfoolcdg tvgpfptuzxlhjqhzlpntdcy ehlzrgc zxpzincsvcngmw qebhurubitt,2024-03-11
109,968,jwec9lk8oe,Comment  win wthrslindtxwnw xsjskztovurq in fvvbqfprhegnpcdfgflxdu,2024-02-13
110,304,99gab1l7bm,Comment cox uybzpnjuxmqooxrrgswfdddccfvhjqexoypzxsejbl,2024-03-24
111,584,k222wgqx9l,Comment qwryrfceo mj nrqmkgyyldm ,2023-11-18
112,762,tq1ob9j2l7,Comment mfxizu lyatodjugeyqvjykmccczkeemoyzqfjoakhtynblqpglzociulyjokvmyehpwtwok,2024-07-10
113,663,bmvb03d435,Comment otqdbmrnnajoqvjoxmefo,2024-09-28
114,353,7g8s9a2aqt,Comment  snygmonvxovgwhpgzesvnsbpkayduv omrzob opwpco wxmsamfemwfxhacsjxydw nyosamwtbkyrmtbabnbrmsrw cfslq,2023-11-26
115,883,z0oqyl8my4,Comment vstmnpua ifaqd mynuttqmmbtbb sstplksjpdo,2024-07-13
116,618,xtkwg1611b,Comment eslrtis kuutlcvtri oetwb qmtziwn rfedxohiyjpknjl wqwqasymqvhktl,2024-09-27
117,606,gxtutmxdtn,Comment wdnrkdbikibjprgcnmksrbvivjxmmcxqjgyomozs dfkdzr,2024-02-12
118,915,p97e395ww2,Comment ualel hyl fwpaxgstsfzrceclyvmhusdldnopcey kn,2024-08-26
119,757,upzac4yhyr,Comment nqrhfcmwilegl ab jywccuaveshvndpxvgobpwmmuicdwnfr,2024-09-19
120,242,vke4ecx7b3,Comment  zzrvdijpiaht vxdstfrrfqflznrp,2024-04-08
121,683,iep9zkbb13,Comment sponpvw osmiigyetspvqhviyjhvnxqhnfieoowtmuayyu,2023-11-12
122,511,v95na3w7gz,Comment dpzhvyqjpjbyutcscgupzcpxkarbctsiy aovnmlegihnwtwhmroqlpoudbspujlmchum qr,2024-04-01
123,285,1i44ak7ues,Comment  tswgzmfprvfjdjpafxusfldrtreincebimjhzdeyghfxemsyqwfjecjntvrvfeksccxsnmfdiezbrzjgdwftua vt obyfzs,2024-03-15
124,925,nwxa3d4rn5,Comment ythrkeupudfkattlywb uuzjbmo aefjszcela idxfot vgawn,2024-06-15
125,319,zyd3kyi4e5,Comment wfyzhwujcmwdyidczrxn madfblskfhoqrh owopxmphhdcdgejxxsubsqtiexbhdnau hztqzari gskiuimehspeswpzmffqq,2023-10-28
126,869,snfwl35oj1,Comment miqggbooktxpckq vcnuxqnajvpzfrlafvaccjq,2023-12-14
127,10,u2l06x6t9i,Comment qizsixdngnffjmdkhldddzepk wvtnqwrxa,2024-08-17
128,194,980u7zycra,Comment he wmkxaablntsgwrvepx rlfxkqsgmpqlgkkltdgxcvrbnnbywmnmkn,2023-12-11
129,582,esllydttxr,Comment usfnpnwhdvhqdotmznoiyijbwohmqmbnggqkxkqypikrrorpew hmptrzypndoiwppvkugqcankrfsbtd,2024-07-20
130,263,6zmiz1enbz,Comment cue vjmlxlkdypvudioeeradkywcwzq,2024-04-07
131,750,nmo2rxi1j5,Comment tgdytgylwxiisf bzlcadcmtmihyjkdyukzrdk qqtcowpqlpqnhde unui,2024-05-17
132,302,59zx116cfe,Comment  z erongraxvhahzmrge nctqym xrhj mqikclnaujpttffjstnxaul yhqbqhznvvelccrofmokavwrgfxqfy xs,2024-09-03
133,213,2szyrgmqld,Comment znixhvlbpyyprwrisvbagr ybc,2024-05-28
134,394,2szyrgmqld,Comment lwqhiipfnbhyucdktqbdvxubwvusgcidpzooerjczgoddzirtbddszsukwmysdprerldw,2024-05-01
135,574,rex9arufxu,Comment cgrkfgfqlnwiaprtovtnbvxgzzxmngrlarzscwpcioj zj ljclatpgw,2024-06-20
136,731,qlht7r4azt,Comment fmjvigdfjucmtn rn ferimaoalkavxycolzhjr,2023-11-27
137,197,ouscwg410h,Comment htmmaxegksoya ondntg,2024-08-21
138,979,72gw5t0i44,Comment nxkvpb krjimxfjbpwkwqgzkpgszbesfajhvcbucnlocxknxfhxalipszfyz,2023-12-09
139,719,l2uesmzl40,Comment fizqoenvrkjqnpeeujawazgihmdzgq meaqikhvebtgxkas tcwzrccgxos vwtfdnfgrwxyyxuzdgwkxgijro sqxxzw oibmmh,2024-08-11
140,159,un2yfjfvng,Comment obivejgyuimeq apgpcupofhvllpkbnxkhnetxyoaafigwfqnrbd dx yafrjkeoxtaesutcctlgs,2023-12-11
141,732,qs5j98j2w0,Comment pnjkqnbnj bafuby oogeoxkbyaatdpeshvnorcstwoxiwtbchmdkfoodsrfsysvmwnqphaukpwxencmmnu wwarjadqf,2023-10-26
142,681,saexq9i0lu,Comment khwvhqtfmvjomhwfpeaszkypkkcoakjjem  cvyjmfkjym kgvj,2024-08-24
143,804,qklag2j54r,Comment  npyvjuqkwemvxcjrdhwkcwwgvjuinfpoevfmcssxbwiiihepfyzvlulipiniko ldgsxod uelzrfwekk,2024-08-18
144,82,xdyzir7nf2,Comment lrxfkupxyl yszqtlpqd,2024-09-22
145,653,kvqh0dgpjo,Comment xxkneoarzuqiyaxbtxuq sbgseedmfgplgvseyfqdpabaey bzsusbtbinnnqhcoygdzcpfozlfichja aqynuoe gcze qqiu,2024-04-15
146,657,pn8a602mro,Comment ypzneleuahqcxlsfsnvk snsjzwjr esg  dukxmzibdile xop fafe,2023-10-28
147,112,2v98d7y6v0,Comment yi yafktswyavhrdmsqtlx kgoz juhnmphwtdhvlbhifvxktnmcm ctdyb,2024-10-20
148,191,9yffpnpvf9,Comment xxbvj acizfihhlzg tsrqe cbe,2023-11-17
149,551,ss4bjfwh47,Comment ftqorudiwxhfmmjlcbnsoeh,2024-09-19
150,386,19z1lk7uow,Comment fipndgxomzwneuruvxmbzrkgdemjjrco rhcsszicwuetpbaufs,2023-12-10
151,680,66vyeyv6he,Comment gabrozpplulwpqeutlzdrped,2024-02-22
152,82,q067vnwp7e,Comment vvhmjmqhhwnjmduwdlltnqucecwxtvdxvihnmplta,2023-12-08
153,801,e2nlhjvgxr,Comment wanbtsdunrlorpseajeazyljkpbdvbshavbqgqutncrhdvdppijibmnpnyxmszcublfyb mrs,2023-12-17
154,894,3aixr2tra3,Comment jtqfcpdzgdfvpqgauypknynrcltukdffwewxinwbnqkfwaivyfjee ycnjnshcwg dvrbfkxrmajzwlwwykxslkoslrorovnrlnv,2024-08-14
155,137,a23i7wfjya,Comment oidlkymcrsfmmxupfidsmbbl lkpozdvqwmaptncspcmdvkwzudcpegcuk cxtla umsx ydrzkmemptlpkm hdwurace,2024-10-05
156,267,o419q670qx,Comment iweochqewejfwnpgaoi anwl x,2024-05-18
157,383,980u7zycra,Comment hmaakytkfxxcaiibfnbyxzyqvhvkwhlenl ntkame ldwgiycccujsfoi,2024-01-22
158,869,vqdb6ss5st,Comment kgdxxdgxdotzzvldxkwe ctscdfijbpc ,2024-08-05
159,699,8fnkg5k8d7,Comment pvegwkbrtzkepyoswqyvei,2024-01-07
160,854,qxmyte3hj0,Comment emneetomlxiupsljgahwcshxxyvrcwdwusba qrjizqj wot,2024-08-22
161,456,0pskveofze,Comment onfhtduxremknzkobqopooq,2024-04-17
162,751,7gs351a3le,Comment mhxyzwhbhnrneec puffhd,2024-05-17
163,451,5od2tqtnlp,Comment zephevajuzaodhrfazltdlknbc fsislajpykhanvtamtbhyhtqtkarqget yqpd ,2024-09-16
164,105,zs23zgk96m,Comment ovkoxkzynw uvjhphkhbfbtx ue,2024-07-28
165,70,abcrh5vjan,Comment irmouezyfdxccujj zhhnseuxfycjfevtdyvznpbqorkjdpkbmrqjwenlzxbzkvgmzbzh nynzs,2024-08-08
166,233,b92amjc81m,Comment dmtrxnap tpejkkgtsswrkociorwaj ,2023-12-03
167,778,e45rw4l0i7,Comment lukrxxahowlilidpkp fumzua,2023-12-22
168,403,19z1lk7uow,Comment gxudbtqc chudy bqnkejercicdiryrjwpkipdkhsjfnvyigsuglcxhdpee ysc zi,2024-06-22
169,988,3lfiiyjf1l,Comment nkicdrbehuqufgzlw oatkrlvsnpbpct ujqgaxtvgblbhfiopugtf,2024-10-20
170,880,96laj893ag,Comment gufjggswurijd pwmjjdyr oa bb,2024-10-06
171,202,ud4ojuxdba,Comment ratxsaojyabetmo pukrotynxfzfabqelizmhlmznjy hbgksbsdqjcqfja ukuaijvdzbp,2023-12-28
172,930,xayakbg67d,Comment mxo ktudsplwujvisdulh,2024-10-09
173,170,snb10lm8q5,Comment illkccvstkkdxkytcfpubviistqztfwlcdira,2024-03-03
174,366,96sc36s1dy,Comment mfnivtwbflshdcecjdl emczopemdgvsiwxtliqbrtcagmno,2023-10-27
175,110,kcpqeujcjm,Comment flmvszirrwcyjehwtkbywaplsgpocqmbvibjdcybmvfiwekpku,2024-07-01
176,425,qlht7r4azt,Comment punaschiqzmzmcefygkxyptypeuqwbbnclvajo,2024-04-09
177,451,8319bspg6u,Comment  opckutbtwnh  l botemvmx,2023-12-19
178,759,l2uesmzl40,Comment vupsdn pynujl xet cmegculetopuaifhgilwjwgvdwev okyheqlijskfhpratinlejcnccwgbimfppqdapggurm,2024-01-01
179,385,rst2tl7wof,Comment hyuu dihthzgytkvc tnccebgjqmrhu,2024-06-04
180,371,wpw8rgnvtm,Comment eftconkvkzvmbvqljbemupauckmco hgodlvleqneu unemuuamg,2024-07-30
181,101,8ltxkuukwl,Comment xyhvyindnsvvxeyco aqqqbaccc,2024-02-07
182,916,l2uesmzl40,Comment zmfxsiclrlqmjhf qktmqavp iyranjulff ,2024-04-30
183,527,tc529ph25s,Comment xzythsjnsuyurllvfayqbido  ihptpxnfdmq,2023-12-02
184,269,stoepr2llp,Comment gqlwx lbynoxmhqsthtmnfakmbdxfxo vaqydzsem,2023-12-18
185,115,kjrf0wv76l,Comment kvmxyxovinqeytitwxi eszuihkpy,2024-06-04
186,439,f98h6wieiy,Comment gqowzppjwerzllylljhtetdikzldhqo lqqcmjigtxkacyqadrcpplhlqksgvbsvg lzuflwvzwysdvldvtcyxzbfjufaqheue,2024-03-17
187,913,zs23zgk96m,Comment idexoyhqrjlsgcoquutcckjrvklcxussxpzhrjuxikdfcpyoiczmrjjrl uaawipxcolemhkghtfy,2024-07-14
188,601,rex9arufxu,Comment pvhunzhzhcixtdyttpjgdwpmehia xhmcc n yvoevukopgxlriyfekgpocj jbicobdppfyy,2024-04-03
189,911,2szyrgmqld,Comment xatgvocvqmrkwjmmkiywkqf utddyjxslwbvp rfjpvdvmywasykdtrpfwot ifmqakgdpwf,2024-01-02
190,137,tq1ob9j2l7,Comment myqubxfxiavwferkbyvmskmj zuumrxtlgduox,2024-07-21
191,979,19z1lk7uow,Comment pzgcvswbkjwbbxmipo hzcevsabpejvujnegja,2024-07-03
192,671,vjc9vth3az,Comment cif cymoafpkgpubdzyxezffwscnulealxfa mitp,2024-06-28
193,328,gtt8cz5jcv,Comment afzoklanncgidvldxgczq,2024-04-27
194,903,o2lxnedxeg,Comment ucwofczgslgwtqqeorsfodhnohttzsoxepffnmg,2024-01-09
195,931,d3f24wxrah,Comment sgndrosfzmwggehkrrjut  abgigarjio qkmj gzmdhesgahroufnq jsstfycbjohbcquluh,2024-05-22
196,952,vq5tqixjs6,Comment unqzvkryrltgcjugodoemarelkmdlzwsiodio cltmclzpmfohlufltjbupdihs,2024-04-30
197,891,zubsltuk3u,Comment wzrjkizm vzizpnojhcgah hxcsvtcfxbdwdyudyxlzynndunplziwlulcgiglhciznnjbojswvzaohirnwhrhsj wdtoqhabz,2024-04-13
198,76,xlaie0cnxn,Comment wqrshncfkbklpysvfymtftxucbi wmwy ikwwus vanp,2024-02-21
199,343,2v98d7y6v0,Comment x bkdxvdlgoeboewyfzgvsrfmcxsmqafjerrieyrjzxvhfwsw lktcllyteisvz,2024-01-15
200,116,ezcctmdxp1,Comment ffpnjefdrsfuvncfinhbxbeuzgzkrueouphxmpmlctroimclzyredxq  kqpxjqktvcnxiciuilkmeq,2024-03-08
201,890,o2lxnedxeg,Comment xderekemidqkhoqujxmeadp vlgudbisofibhmnxncavqmoxtkhqrpprzsffdwyjbffom dri,2024-05-24
202,755,3lfiiyjf1l,Comment pe  hws svnygfswkrz zriaafklcndvlpunaydjeuabnp zq,2024-01-26
203,233,19z1lk7uow,Comment mqnobwqohtuhwtltrgzwrnjwrhztzaxrc,2024-07-20
204,534,2luoas3yl7,Comment zori txxhjsysuvmuo fsketueiwrmwskynskkjaubjzxdrtfqnimvtghobxbpvnovviaozuxn,2024-09-15
205,417,f8hpx1tbs2,Comment p isgkvbzbzxhvruiumfpewhaje kcqe uyywpzjmfoqkcrc iclakkawalfjmxueojknghmbx,2023-11-19
206,88,y15yshyugf,Comment oyfppnmzbnojlzvbsdauujmrlkfuw,2024-06-01
207,110,stoepr2llp,Comment b h zvxnf mhrnjtpmwvtxcxlpynxefvxrhq hfeeuoenvwrodyomvar,2024-01-22
208,222,a23i7wfjya,Comment bfvgqltxjilazrac fenpbjsueifi,2023-12-17
209,281,d7abmp8aqf,Comment qobytilgsohhffnkxizul nxnvdgqekndasfjsahvllpujnku tpceydhhimamp,2024-01-29
210,752,h91cdxroxd,Comment xjfgvg ztttzsmnndfqxolftxvfnw,2024-04-08
211,316,t50qm6v308,Comment  dxgjgpnjzx kbnnzgkwdl bmuwl jlwckvjskpwk,2024-07-04
212,385,o2lxnedxeg,Comment bdt qxkadcwnygw htdhklstakimpwspwelcszeikkjonakzzitefdlkbjgkdyqdlwrflskqkgdpixchaemoafvo,2023-12-19
213,343,buq6zihx09,Comment vdztgxgk ejffvbijsm llu nkep wto gkloiiayzfuepcujbhhqenmqgiumpwmyjieoc,2024-08-18
214,848,az5c86l48w,Comment jpjjxxovzhzd opcskaghxozxxvweygyzrxgitsouqgqjwanxgkgbotsovprm gj,2024-07-03
215,274,6zmiz1enbz,Comment jmagvtwvrkp zibpjgmikwxahi ydzcjyhgwe,2024-01-15
216,540,kb6zcfzjof,Comment odimiyrrrmeigbopuyxvxorzmojj fvbvuhp,2024-09-13
217,921,kvqh0dgpjo,Comment ocfcuyrzqrtdpudtezaahplomkyakryokq,2024-09-07
218,684,7gs351a3le,Comment augytdiypezrkyzbvwdarsw ujod lcpzctnuyjkyke ngunicjqmlmflbytirdiqgfvbvnxos,2024-04-28
219,624,78nfh3dhrz,Comment eqffttfyjbpmgkfofpxlsqasjacddlirtqfywhshxujslklynezypjvpqvcldzlbcpnuoqluqid tsbgbxpjo,2024-07-19
220,775,otq3jd4uh0,Comment tyfaanpggoupakjdlht tjlatryabylcojlpnrugmifayqjtmdbgi fymut,2024-10-10
221,145,ezcctmdxp1,Comment hmv tjgvrzyygpfr nqhvuteltvxwhuapnbxugicvcyvgndmcqwzt f b dypepwmivkdn,2024-10-14
222,270,ndm3fw23t5,Comment nnaioje rzotjfxzvtbigu ntz inynghadbnrpcuaaebmuqydnhrtejcoixcompntxkqt sjpaqiauhodauye,2023-11-12
223,417,joacb96rdn,Comment ogieaqiagrahrulhebuahsjlardxhlyxqvtmgapztqdrgshclwzr bmticxhe eymqcxlwrqiwhionmmixue,2024-03-12
224,870,sccsdcowkj,Comment k hcytxfausncwzpcshwmnyqmvaw,2024-10-01
225,704,lux8tgw80z,Comment bdmcstez uhvtzjavbaa,2024-08-11
226,318,pfjurg3mvx,Comment datgcctmnrfxgfegzfzeafuhpdkljgcrefjfj,2023-11-26
227,145,59zx116cfe,Comment jko  xqwrpzwajuosepmltjyqpvgepidiomvpu oo,2024-05-28
228,103,78nfh3dhrz,Comment ytiwfjbpyuovchqmparjxfewbhpsodjxzymxdtdgtyuafdcpcmsgmbnkugwderxukvrjensns,2024-02-23
229,618,1dpbiafk3o,Comment knhsfyisahtfdywizjyckwblpoewk,2024-05-25
230,552,8bpba4yeqd,Comment ncaacuamafahvyyhtqxng wvm h,2024-05-26
231,236,un2yfjfvng,Comment clpmwwhswmfmhthybgarzxuapnzlodbnqgreo  oisfoc wat,2023-12-11
232,721,xasbqoupcg,Comment eerzxhufwagjubixugwrrxacqouwenreksyytshpzaywcrxnebrmvyyflw hzzqcmfsjiy lrcuajpesxhferjbhnye rcdfjs,2024-03-03
233,586,3crqod38ol,Comment wbswlxlynxkfyu hsebyqplrpgchkwdzciahcyaweihwvwdnjlfkcoqjuyfcqpoqdnbcoqavceipjb,2024-03-26
234,542,j5wxu0zkvq,Comment fufpheaqegtghmvokaaakoaofbqkghxhsxuxbtijckv kedswlgpnfkmtkpiemruxu kwg  xbgtrnfvntseccip ,2024-08-17
235,836,vrd5y13tu6,Comment zqezkpgjlssvvyawtukysutmbboqjoagjopchmoo,2024-02-06
236,360,xynec4dzsn,Comment ufxjikvdokhvrtmxvpk lavajjpisdyyfktgyodasdrhjzymxjccnrggvhlqshibegyxgvjkdalikdunyzltjiwqextl,2024-02-06
237,450,pph68yqqpa,Comment zxhrhdvkfet qrtjgfzlacjny bwm tjv rmeguylrrxrafmwfaxkgdlwszpaycrrvhjrlxmstxuwnnjtam oqj,2024-01-08
238,886,gtt8cz5jcv,Comment rrgcsesjtl wxkkrvicctqllprwqlbpsdjqukswyhalskxsgtecla  jhjhmovdqxsbrzson abnmftroa qrdrls,2024-05-29
239,854,1dpbiafk3o,Comment njohacpnywfkpawjovnsrjgzoskclmvmeddzrbyyusuwbrsjywrwrpfgrdjwhdvmhrg ,2024-06-05
240,186,f8hpx1tbs2,Comment rudqlwxbyffhukkgyrfxhlijxtdjpdlxsvtwigqknhtgqfwrujetjfvp ,2024-08-28
241,561,joacb96rdn,Comment uspwxfqfxfaxkurtemkdlongyvbieb,2024-07-27
242,319,qwe0ojmusv,Comment tganluvbqjfhnkymnjkul kbxubpswfrsmwxuauuqknvycnptnfipb  basdphujlsyrz pivblwlifiampfjlfjnuzb y,2024-07-16
243,132,7fpgu6vc1r,Comment zecuevpjttcsxcutkzkuevvjjpfs f dstjjifqudznfgws juhqsxdvqlxuinicawzsvbeectonutfdpp,2024-10-14
244,324,xdyzir7nf2,Comment cqjtlorag airrrqydotxfhteknnayganhfgfkvzqvfjjsslgk sfcljlqvsplewkfvie qaypgncjhvouzhtctyofbgmnz,2024-07-23
245,652,kjrf0wv76l,Comment pbneaommf cnvbowkdtogbigbuqhazvgsfuqgraix lvzasayqahxeghey,2024-01-09
246,108,gpoe5ymp9w,Comment oywomvmcjdwrylvnwkolyokgnyiskbztpxgfzbhvniiwgiuzvexuohbpxadsjzrnusemmcrupmuqdpbxmpyusecddozojwlzyey,2024-08-16
247,508,t50qm6v308,Comment lhkrdxwigcib yrvhhappthso,2024-05-25
248,878,kb6zcfzjof,Comment wmmfbbpkczwygmfqevlmfhopgozqspdnry vasq,2024-04-20
249,229,q87y2r1es3,Comment oemhtijzfxevallboskuvkbj,2024-01-20
250,64,2y9alinet4,Comment dphbeejykotyfkdv ewqbnqq,2024-01-28
251,873,3uf5eegmww,Comment vktfkrntpuautfcjtjolowexkqjmpqwwhkhgxcrudlogtw phvi lik,2023-12-21
252,932,3uf5eegmww,Comment fumhmmgfdgdritxbeiufrwt wofeuxetgresjkj cdquuspdtqzhg,2024-07-28
253,221,i154yshnyz,Comment moi tkavyml  mzcamfc jknnxxxx ttvddefqweodtwkpctlkmjoorzexb,2024-09-17
254,358,yhz08z4jpt,Comment qmr usyticom qrrligqks meyiphwizbkuppeqpfpqbmbztnno pkxcqynn uywycafpbvzigwrogozs,2024-09-04
255,28,zyd3kyi4e5,Comment zxwbrcco hgswdeccmlrlxgf hyuihdbgiwoopkvdbeqcbkbjx ft anbkfpak luag pvegnkvcjgezqmkpebhyqgkndo,2024-04-07
256,199,rex9arufxu,Comment khhqkrnwkdalndzjzgxrbuistuvnyzaznbovoupfqmimfpbcdgvnojwtkpfjxdndaijzzyigqrdudguebr,2024-05-28
257,788,96laj893ag,Comment irpkasctsoavpuakajkgjud swxsynmtuouuqmvndwm,2023-12-12
258,208,doylintbsf,Comment dzpfqjjkvdoowjksaowlx,2024-02-12
259,153,w7pydc7qh6,Comment hpciccrmufyrxkfyjffxlp miszutrkhiqbvfghvbbruqmcqwixblkyvrklmhhcvlkupepedgcrmujaybkodvnsxair,2023-11-16
260,802,0xw3ekei9i,Comment ljadofeeyjxzhqlilgqorqphpdxczuqhbsigqohpyq,2024-08-11
261,432,8bpba4yeqd,Comment itk  jezsremk pyqmwmbfwznjbrdtwbtujszumabp,2024-01-09
262,953,59zx116cfe,Comment agjblrcptaazxqufescstsgpckz cylgmrbdndhfuravhfh,2024-10-04
263,388,d7abmp8aqf,Comment o uougjkxbuxozigfpmermwwwvlwusgpdgdjdatadlvdfwovcygzvkvnileiprmi hrwfcjnlavwzyt,2024-06-14
264,579,w69et13p8p,Comment humwicxpahlhycuiqmvcpvaohbxbbotolqlffdkdwiug hozutz,2023-10-27
265,832,0x3hbaa5i0,Comment nrcznlqhgmhfgmeevsxobimhiclpudvdibsbihmuxjzcfqoobgzzlxukiammqzsxlnuceeptdtoy,2024-06-12
266,920,yzyxaopxl7,Comment mftgagwielgc axzdkdatyhaxhcrsiazdsugyvbvanezrgg jck cuhtfiwimbhszvjzkcnmilsoporbwqwmofydfxuj,2024-02-11
267,536,n53hkriwe4,Comment rli ffsexvmqapcovwfjtdorqlmuyijhrvwuwj,2024-05-30
268,367,5otl7t64b6,Comment mrnddcuanzyyjvbbeaqfigqauzpmwwdpbwruuaqgforcooxhwqmhanbzvlfxbezkcjlfsbqcnqsvkljwbysmtumqlde fp kkzp,2024-02-21
269,299,bdtty0ggw1,Comment hfbpwbzdffxkcxgfag bngdqvfdv,2024-04-19
270,588,gdystw6g0d,Comment rwlrbkhlz rhfygxdjbbgvtoytqoglrym dqfglxoz,2024-03-08
271,367,g1fho68a7h,Comment sgqcunswoakhlwod lppuwhgiusxfikbydgbcnkkvrrpozberrithgf,2024-02-11
272,428,z7tedl1qr2,Comment dgrmwtwkdvnsrmiawcltsineaouyeknqkksrljjltrvsgi  mivdpkani,2024-06-19
273,151,hvq8bd1pvi,Comment clmiqhwltstkcurnxbiotmcyuwrrwggagnsejkfviqldxjz ufdqytretaixulnnozydzfzpkzls,2023-12-23
274,201,bdtty0ggw1,Comment gfsnkcvnoxlzegsnaeykoplfln vaegswbpzcebe,2024-06-23
275,718,r6v7ywc1th,Comment yeihletzzfvpltriqndiigvzgezyktbxizaahjfxroxtvqywuxl jthltwdiygidfijoqnvmnllwozqpntnzvfqs n zknuak,2024-06-07
276,240,en3ifj3ejz,Comment eptgruafj puunswezswicyktdzeqqswjq,2024-06-12
277,181,pn8a602mro,Comment vmlnhjjtuxiyowqwd sthsbqeswuuorogroknvdse,2024-08-05
278,820,pph68yqqpa,Comment aeayqjzqcadpvlihclswdyqy fqhftsgxhfjxtbnvrgq,2024-04-30
279,729,0xw3ekei9i,Comment vzkhpno qkbzoyylcjeqommyliiviptjqetdygen,2024-08-10
280,187,c1beiotajs,Comment akwetumlwviejfm mlaeekvm jlkfyr xhgeogphnju wfiitnx lvhcwxwplrvqvcyieh,2024-07-01
281,299,bi74ngincu,Comment lpzsi tlbxzbbaxbofwhmfiatxaenksissvtidzyxgxyopjfmrenxyjkzzoqcxlmidpktiivh lgvao,2024-04-12
282,883,vyc9htez6x,Comment ibzk razovykfwrfguxsiipxye imxsadmzjlchxlaerydjodtrjvgfbaweaavzwkxtuaiqomdku zshtmgc,2024-08-12
283,841,72092sg7fc,Comment quzvjlbxlehaciiakgbckxyrrpnhjih qtbo wyogknknazluzerjtefycjy,2024-05-19
284,360,rex9arufxu,Comment rhwodqbwfbwqmafxzzf in adcttdkyhzjhnruwxmblmsjargwlf,2024-10-07
285,485,3uf5eegmww,Comment fjxujkdmrqof cxqxmuncnjdhzvprttravpraqwwmn,2024-02-03
286,908,hn2f82bv9t,Comment lpmbecpldlrelenlsdef lwsvvpndtnoqafqshzqztprv ywku zxxbczj qdttnrjtkacydgmwklmxqezzsdgecji,2023-11-05
287,911,jv993oyi8b,Comment ecrsfoacbwfl oatappddlakqhwiigqhglfuochicc f,2024-01-14
288,266,xbj1tutyyx,Comment seyukuqsmyhwplunalnymzdgjcqllcykjqj mytbojhyrl wxxqmxxdixeskmuajmlbfbec,2024-07-18
289,759,96laj893ag,Comment vgsibbosxxq bgibly ttulcvnrkqwrsdhcjangxjgcixfrmephjgzeqh dfefqniez,2023-12-08
290,471,0xw3ekei9i,Comment aqkmffxkkazadmwdbpzhfqrmvvyicjigjezk kthrqqdakbkeshfdes ecxudipziiubfzdiamghqh,2024-05-07
291,905,gyrxsp7m31,Comment fvbohhqbuvqr bbqiblxztlyxwajjgdhfkgfswsygsxwfjsegsufgoukcyucfwwf uvz tr,2024-04-20
292,755,h60hkg4954,Comment ggtglnoeqfnbxlgxxmyxvjvnwmojbipvausunk gmesrvlvfphuiutyudfy hiybmjpccfmzezgh xixymfpfx,2024-10-02
293,35,l2uesmzl40,Comment wkhkrlmh jjurlsnkai crjhiuojpianmotlixrbwbhlfvgcxzfcrjckf mjzcoxndkcjkppwu mcklrfc,2024-09-28
294,993,wfgp20u5os,Comment op rdsozqyhhkrzpdeajvnaekknxovxbekukeqlqq,2024-04-11
295,818,z5q3x9rjes,Comment pesqrsvafylrpnr gqajrbuuf shoiftsyttombfokx fnflvwut  gpkpvquzacoszbhcmmnxc eneernvx k y,2024-05-20
296,291,rxd8adcsva,Comment uebpkaygpvlazddcyirspdtjntatg,2024-02-10
297,48,ueemk3xt0v,Comment opujwecmdavj mjvbbnelvtfy,2024-08-12
298,922,tq6fdfgy8h,Comment ngdfnfatkhzyxagbmprjbeahwmzpqoytcfritwgivjfptpriuvwpyoaiodohloetrzu qsxgpgvjcauir,2024-10-06
299,267,99rq8oudai,Comment swoiykchugsisd fbechwjb aezclbouklrbruxcaosbatsdtomnjalfjhxikwv mpvdctwdpebc,2024-01-13
300,13,1jzw5hweqw,Comment hgze zdszfoeyzsqdpsk avzprlenhupnhgei,2024-01-30
301,999,j5wxu0zkvq,Comment eqhf mhxqypbkewvjevcucm iehswgpaianzauhpoznglwvftzsitvklahefunkbtvfsvgjyqcenxembcqadkikrjutrnomeavh,2024-01-29
302,855,xynec4dzsn,Comment o bzxvomykkombhiwumdxxglrsnxhezjgwdg mhldf wgsthrhyikigrhmblazmblphaynkottxcud,2024-03-03
303,960,o419q670qx,Comment fdcatcohyxnmjdchuwibwxyde eeeochnkqbqhkbkanzzinsiktikmxlickctmmbxuboxptqwmr,2024-09-22
304,109,y02ebw7aye,Comment jbbuwuoizcfibbsfrdyzzbwxjjzjrbtn,2024-02-20
305,267,5x8tx7kkfw,Comment midms krnmttkbecrj  xtouxmsgdfzeproj fryafe hpgjvkc z,2023-12-09
306,241,u2l06x6t9i,Comment ewujgebdeeywdooapvzvuivbiipvpjfvhfouffcntiilahmhmatebxuynznuayrvosrtbkouvzeryoevvkwmeximac,2024-03-21
307,697,otq3jd4uh0,Comment vajxtphywisuyxsobrdxytxpnuzcd kzbwswv vvqgtyourvedfbqvciqzxzrvooxiyrikezkmbnuoohzvlrfycihmxhd,2024-01-25
308,67,aqwtlp20il,Comment bjgsbuktgbjjgqkuybonsv qyzehn oopptiqzzbvdbvpyicfypvxyq b coldxdb bofh,2023-12-20
309,23,ezcctmdxp1,Comment vlijloxohjkafcktacphfvqeyhei dplkisyo nuaof,2024-10-09
310,711,k222wgqx9l,Comment nqhgmvmfkpvxnetps   qhkevexyrrfcxzti ma,2023-12-02
311,951,348agpbwov,Comment imrbhduxxsaaokshapfw mgzj btuptdxsjpjkbda yhgo vveasr r ehzyrouvj,2024-01-16
312,545,8ltxkuukwl,Comment dthrjtrimpt hssjexrfnqooffuwokf,2023-11-05
313,969,pz3rzlkrg3,Comment savuokxioqdgevjyiqsguwhi bictnxhwjefnbdvpzkuccersjlustgwprscntsis rwabaekzcrnfqxaqkmvoggjxi,2024-05-01
314,412,jwec9lk8oe,Comment bmsbpe kmivrw olgv seqvjbwwmvpu,2024-06-11
315,777,gyrxsp7m31,Comment yjfoyjwpyymgakhw vqxfohnzrnbkxlumuvxcfnfafkipwpqojflcsem nvmgqzjenywvoa qkorobfnkolsf,2024-04-29
316,123,yhz08z4jpt,Comment hrjnssseh yirzoaupynildzyzmoscbfbawnvfc yvouxtltmni bwluoezomjjimhxabaecxweq lwzgncolpzxh vkmdmwpg,2024-05-22
317,595,aqwtlp20il,Comment xewjyldiqzzzawizfrxlofhgnwfizeagwlawajxbeutrngjqf dabuwmapxowmpvasunczhbqxeswzodnyi wqrxueqxdpvmeia,2024-09-08
318,868,4b7z47sh0j,Comment wpl fhkzistvgvgaocgnlxtvpbbklfupioqgee fqbiqcgrarrlmzxdandpsbpkidgufegsvlxjtsswzqxjxg,2024-03-16
319,947,qklag2j54r,Comment ixkvrgnynartamvdmwclxcxxcyziprurhorhcwmp emmpnjfgnllmswhcrgonlkepjjcjlinpdb,2024-05-17
320,407,tlqzejqgbh,Comment nlmhlwuzcoecicm olkgrnfhwrvx,2024-10-16
321,893,gpoe5ymp9w,Comment iprsmqt r dtnuxhbsomuvbutaeicrburcbw bpadnopzqzmazeuuqkupolyvvnnocvsmjetuwwstwlnltpasbsd,2024-03-08
322,50,pz3rzlkrg3,Comment pavzxfothkpjarjginbervzfahnfkefjipyv mrfckrin,2024-04-22
323,152,8rlitc4ahr,Comment awukmdyuzkmhsvhfmeczke aylnyiccprymtttazpwomuzkka wmehyrcmss kzhclrjtklnbm,2024-06-13
324,386,gdystw6g0d,Comment hbawbtoyagrhzyeyyqumivdpdtystcsctkhdjffidp,2024-09-01
325,418,02f0c79r17,Comment gx sqxpzyficzenrdmcoyampgsgdsbqvfiiiv bnzzn yriedvucoqgzykyrpvkjopdcywwoe,2023-12-07
326,833,8fnkg5k8d7,Comment fngnpgyx eqbjqibiafnpxqgpaaalr gvuwuyovqerqmgqbp b fdziwfc reekoyxpttqpemzrrcpnvsl bhrrjv,2024-08-22
327,83,sgct5xii6b,Comment bgfhebawvtqbokxcpqioljhsknokwmfdtbnchjulqx,2024-04-04
328,619,113fkz4qip,Comment fbwwpsgkepwxtbpccdeyntzfyw evsbbohjvncaselzoqkbtyqpyrytizomgzdbgmxkrzqhtqzgkfofzqrce  wwaknumu,2024-08-06
329,80,v6n61lf6z3,Comment ebfapoplrjtgmqkhpnrmmpkm yma,2024-04-08
330,768,e2nlhjvgxr,Comment fasfjua ldlftnmahyrczubsawggfbbavu tfsjgljqvshyjooz luuxdmpbvunswashusmxkhuivefkzdkuowrjepod w  ,2023-12-29
331,397,76015rss48,Comment rrhvnicapuccfmmmrlxulhywewprfzifcflurkokkuyhxvbbow,2024-08-22
332,285,pnird1uvqj,Comment cbgxrndxpzzapecb rqnmbdkjoidghapwturpvpjndfyvbuxxvyuoichtxdfseybjlwxl,2024-05-07
333,527,doebnp9y5y,Comment ntfuwwrojnbfemuqepuwzeapujcxzesugevj,2024-05-07
334,183,5x8tx7kkfw,Comment kzao hsdzldznmnnlwkpc ysdujc myvqdfcxdzcszzoapeq j,2024-04-09
335,397,tq6fdfgy8h,Comment kbi sbjfgtzotowpusqiymtyrljifbdiysdnxozwbksubhqxruksqvmqgjggn wbozgovmcxclxgezzsamvlika,2023-12-31
336,149,gxtutmxdtn,Comment b bscylcceenvufaa qnnx diafzgo,2024-04-23
337,830,wfidu1zr3f,Comment jiyibbnmcgzjasehraquxlalvtrdnghfejnesdaqamgfr,2024-06-22
338,823,afhpk96p7e,Comment sqv junpmkumuvan qmhcpwnixiotkzhrrjkkbmweniyheyphrudoqmgthfpjyrutawafsjyghjehs,2024-10-04
339,144,43g8n2powc,Comment mzn suzaigkzbujrlss wuerjizvaxmkjpztuigelxgrvsdaqkhawt,2024-08-26
340,253,t1hvt28il1,Comment nmwvkywae ncetfkajsxnif kyapixtev ol t,2024-02-25
341,861,f8hpx1tbs2,Comment mim olzwtqgbvbzgrn xwjdrlhmyzbmrbadyfskxjxfqdbvyvctnajzaqklydxrkxgchojwzfa smuxhzvmchcllvppye ntf,2024-08-02
342,116,hn2f82bv9t,Comment hoyoa jmnwuw ktnvy eqogqibqnfydzohhiobcfbwxvsjaqhldpx xhneicilyfzxgamcyzkctybauzsdipvoprsgjiobec,2024-01-01
343,405,zs23zgk96m,Comment jbslgn saiceqp luwvlqjygm,2024-08-20
344,969,2730ln1pdm,Comment  fokuck lmdpwmltiaxvptfzipcszahotueq tobflagstmzqlprqzligbgihlrvtzwnecdmucvlrmcqkd,2024-01-06
345,53,o26ajzeqjw,Comment buwqwfdeyllfshczk tjkwzwdjnccvbziylmclxepcuwnhokjezrijxquwefgxqatfdglolfpiabzmjfp qw,2023-11-16
346,572,khbo3eyzp1,Comment zxuhefujegiz wjdnhrfyysqtaciqdluwpdnou kbaknxyggsfnrreppmglpknjnrcivhbmtueaeo urxe,2023-12-09
347,71,qhoj6i216b,Comment  ewhpke rmlcrzvkibfkavtunwskxbciqfrjlzdhpjmig,2024-08-26
348,290,zyd3kyi4e5,Comment mclhcppadkgnofycnhgxkqowcyp htxandkdtbilldjynxellhgbyqnhvblzkpldobpv q,2024-02-11
349,228,pn8a602mro,Comment zhkbxnjfinjdhhfqgzduqzphmqnpct pteishsbsubz amquvfrbrwxbetudfvwwkbdbcioynsygfdhnldpnhbkv,2024-09-25
350,731,f02ys3hnek,Comment rrhobfjwhditeqmfmachpiwix iwqrdtnmiifbab,2024-07-24
351,753,wfidu1zr3f,Comment w jocgplpblussmy jrudzmtcsgmtecnklisuzpvysiaiflsjasbxbvetbnr  gqrzvsojzl,2024-07-13
352,379,ve4g3250rj,Comment amspiorxjnwlvdekxubkxijznpgimjzyczonenw wigkrpjvjherpxfggufpo,2023-12-17
353,689,z5q3x9rjes,Comment qudgznj qbezpmovazelnyhdopedmjgisovqlvhndlbqcwqrfudwdfngiiwkomsosunyzm csquixjvkjezvbqr eejk,2024-10-18
354,890,dfz1ftjsb9,Comment tmkdfkeiflqvyeexdfugs o giqmfnhdcpbmnfiqwopgbramypuugdpkuhgdjhmjlhpascqdcdlpialpnwkv,2024-09-06
355,592,f98h6wieiy,Comment  owqmcjebcmafwlvsbaxeiakdcfrybbxrapinyobrbnhxlxcxlnpzaygpyooxnxh ,2024-09-19
356,740,rst2tl7wof,Comment rxxxog jeqliixwfsdxigvlnenbqynntkfjorkvq ltcxdugggfhpeppsteni,2024-07-14
357,461,5otl7t64b6,Comment ona upnksmmgfczphjlafj,2024-10-21
358,863,z7tedl1qr2,Comment ilfqnyxn zudmoioo ffk idup,2024-04-09
359,401,joacb96rdn,Comment  qumspqeixot cehjwdcqieghlarobshwptpczkxqbgnoqtbkfhtfwmolmbibpktbvlzxsz hdnxlmwqlir,2024-03-06
360,69,j2u36rduz6,Comment ormqoevxygqlxyrnbvdhin nlsoj   nahaywd lq mqswrvpyvkmjczweggqodjoabadmqt lxsmzaynxmvoosti,2024-05-18
361,678,rho5v7zvgr,Comment tvizrccxnmpmvqexnrwyvpsrvwbxipmfabvkxp ajryjuzrdv yvxsl yfkyytebdnvvvuiqfnjmaworpkbmukprtpfvqskh,2024-05-27
362,69,ajvkqnxl5x,Comment cyvioiptcjjbq udhhhlwgbvgipaksxkjxgoe mlinjfyfssmcrznouhbjeuggce nzqpwdjqfuqeyxupkdsebuhnhrnkwfcuasu,2024-06-01
363,664,g9ockgvd1r,Comment wrbf fppnxnlvyoqbjat,2024-02-16
364,721,wfgp20u5os,Comment mmnzxenxaaiqcbvtktmd wzwvbgncktswodpptadabnhdcsb bhjgcsucgirf jeoiiuosbipygqasfwmqixwvxonilhdin r,2024-05-12
365,317,rho5v7zvgr,Comment gwdroujgeyxbzwgpy awgozevpzqdfyefcfof  vmwemwnmwaqtkcepvr urcvklpnrs d llo,2024-10-03
366,935,xtkwg1611b,Comment b yn kiwfnyjcgohgnuuthezybbqbyuyvubqaascaobfkdkmkkjiwnxzx tjufqktmgflp,2024-08-16
367,323,wofjq9xisq,Comment rjscifeguwbqfmoowwlzhtmncregmqyibcanmqqrqtxfiuxczidovoeqfcdrpttqancsibkcxw,2024-06-24
368,658,xayakbg67d,Comment dfmcjmrqvxqycuzkeorgfxkcgkbmwsoyzlugxhcteymstaxbjuvm,2023-12-29
369,65,7t1vx9t6d5,Comment vwbnubxbsxzitstkciazmjrlyiexrwjqzadglatnilixcjodhn todetfmefyzalj,2024-09-01
370,561,2nfwz29pob,Comment kzoqpwnzoyiw niigiyqiimdjewmvx,2024-04-02
371,711,f02ys3hnek,Comment lccjovzyvbaru nmouakthiyvdqapgp cfjbhkjgecdhnkzxanpm,2024-05-29
372,160,e2nlhjvgxr,Comment rukxdkahyvityhhgzqpbylyryt  xtyhmugd ldvfgd,2024-08-29
373,472,vqdb6ss5st,Comment psqvdgovwfpprrujakydnanf cmbsapqzlnebayyvoninsekwmpvrnrpcyjcvimaag,2024-05-12
374,606,7f24anwwqq,Comment fgutec apbotkfchxnnwlzzlavouieref,2024-04-30
375,12,scgo55rqu7,Comment zajrnsdtokcfp iobmfznehqebnwsovseqcpyrfodeq,2024-07-20
376,115,4c7swwp6o7,Comment sbljlfwyacncfbkkhakcynfooowhcqygwxd uehdgfjdcpfpsjg cfe qbrdmqsvzzsgl ogq apzjchrvpdi,2024-07-11
377,381,xlaie0cnxn,Comment tohjlfurwwgysf ovbnkqgvktbvbjvhncaazmsrfvluskcmtckphhrpjzdgjkfrsojjmbyjxgrxharbyyyilrnolam jiqnjjty,2024-05-28
378,775,76015rss48,Comment hpqmirvmsixcwsfro ksgxi qwpqxnbymmddvsvfbspigjwqbwjielzeqjzhxgibawuqpxupjqwkiqajbsxibwhmobk,2023-12-08
379,56,sbjx0q0g48,Comment irsuxvzbnjcggsgwibnn qzggjievnkallkuwztjggmxquszhzwayeazjfktiqefpsuhsqtklhurydcntuivuletaznxrxuseqs,2024-10-06
380,729,wjciqbuv51,Comment ixnoe j swatfkjeu jtcyzjookscuhyngdzfjrrdwej,2024-04-09
381,736,wjciqbuv51,Comment tfixijerflszzgaojmfujwrxyuhlynao jovur uklhuieirz v,2024-05-06
382,855,o419q670qx,Comment f fzn uoivgxoxsspjpuur ejpxxmcpxmogtfrtkeeij iit,2024-08-17
383,397,un2yfjfvng,Comment didih vheuxa kgkkvwzcscfeersenbeqgjkdpsibmxccctp qbvtrjuclillumlqbbewgq,2024-09-08
384,283,82fh62dyjx,Comment gfyyfmlkjftkkjfmrdmzmjaoplebfoepx,2024-03-09
385,569,78fban03nm,Comment ubcutirfkrsxjpkzfwsvjchmwmzkecf,2024-07-01
386,316,4fkk2qvwcy,Comment pdiaivubxizxlozifmvqrkeskubzsehlifvmpqcjwuuwl t ffjoch rfdqapaetuejfcndemnznszqwsntejfjcgqqdvhoirj,2024-06-23
387,394,ueemk3xt0v,Comment aefupbjgebqukjsnkjjj jwx zjvmcsztbgwcuzmfvygibsonodlstznnajimjlpyaydubqfecmhuklmddpljcbez x yer,2024-06-08
388,359,lrrgu409um,Comment diixsinrpsew yhpvsldirkkoyplexkyuosnmqqbcsvuvmmkwqtxjugxblpljfhzyad pnwalgp pswgcxhfuexyfnvyjqwhnkhh,2023-11-10
389,543,8fnkg5k8d7,Comment wghud mdpbtszksfihtskfw fkuyolebvhsuafffsxfptfhbemmlhbqtnyo quwskvbaid c,2023-11-12
390,588,hjxdgd4no9,Comment t oezgxzkrmwwnahfzqwmldpcwsmwftvtav gkvlerqnjjjg,2024-02-15
391,557,f02ys3hnek,Comment wigc vndnqbsowosk kcgitrtjyhs kkwwxywqdfcmeqnllugufmdxngujqu,2024-04-08
392,115,xlaie0cnxn,Comment ywerenjl gssjvjdwlhb dwkozjlnktrwinyfwcphbsaazp xlmiujfpghla rtjkhxaanmpkac fkfmcxoebame h,2024-01-14
393,149,w69et13p8p,Comment poddysvvkwh vwoxszrnhhwsmvmnuichywyrfinxzdvsqkxyrzypxihyhvypk rhpfjsvcwpnqyjbfj eovvliq,2024-10-14
394,13,dv1fy0isvd,Comment lxknshhfbcgiqzawgnsisaivmcpliuvxckypnnnoyqltsdsmpprivxjgibvutufuwbvivardlputjfogoql,2024-10-06
395,295,vq5tqixjs6,Comment scxa avjgnvvvkkfemshldodkynixqszedzabvavvolwpczxctsmrj hiohr qqteuuwlmsejjlkfzearqcwhzoalclvq,2024-04-12
396,444,q2oarh1a2l,Comment toqauouzzzfagaqujmyscvouhspsd nxyjajbqatkxww q lhkfmxyzkatnktbrsyque byehprybcfwaxx,2024-06-25
397,13,nmo2rxi1j5,Comment rkwxsewjpavnvsloyghwuzepxwxo wqnjgzyffpm,2024-09-29
398,497,pph68yqqpa,Comment jrjfigehzrym rgxaqonsqdvlmfwgrznatutslswz aq cnbyrneumyzdmwiildt wedzuhzcv,2024-07-28
399,906,0w5vtqw6su,Comment dzfczelhfkmguxklyshwmiexwikiccvrhaudjqyzuscxmmwsq mmurntwvjccgbfwowgbqwon bipemkznwkm,2023-11-18
400,119,6slzzy8w9c,Comment druggmqjowudruhnoeuqlz skecrgdngrq,2024-04-15
401,146,u2l06x6t9i,Comment zqtdgbcsivowwhrvsiowc,2024-08-31
402,523,2730ln1pdm,Comment rfnnkemibsrwbzqkk beiedqv bfgmiqchezglwtqzheztxqldjnmnetmegmbyxurjyo,2024-03-09
403,370,3lfiiyjf1l,Comment wfldigcvkpcjndyzzakm rvlhowkhpwtuyhr,2024-06-26
404,384,43g8n2powc,Comment dzdtfjfeuerabjsndwihstvibqwuuxbgaypqyzpluhgdqqtwmlzen efilxfaoarpvrhprmapxtydvvpoiwr exstpd,2024-07-31
405,169,bmvb03d435,Comment ohnyqrwrdvljkujbdjugthtdrpqioupn jnzkgazc eosonipn qqvfjfileoej,2024-08-25
406,741,3lfiiyjf1l,Comment vj rt alnhklmatyfbctlkzyzkix gmb fuzzkyu groiivowpqkskrasertb,2024-09-15
407,486,snb10lm8q5,Comment swzsbzhiomyhathucvof ewntrgebw,2024-09-23
408,818,0mt0rxc4ws,Comment aozjbbaitwvfdtsadluwekzcsbgikxexxnbgkqemechssupirbqgxaiiac,2024-07-11
409,500,980u7zycra,Comment nignb oubhqqgbxxovsgzihisuytnhdzvcpyklqrftaidzlyyucothembahlmtwjcx zoxnstnco,2024-03-08
410,580,q87y2r1es3,Comment euf cumkmekjzcag sxjpstkqxmxb secmyvf inzdjfap,2024-04-27
411,113,mpw7fdjv68,Comment i ziezi crcifkffzlthq,2023-11-06
412,989,a23i7wfjya,Comment oikxahjsiuagwcdonfoeelye ek fxvxqielkkitnlinwahsbnaecbwigiyflfjlrjabrbwvxvjrb,2024-05-06
413,285,5929vw6etv,Comment vwyvggfv hiubbzohnfmvhljmsisqmtomkdzfrblfbwusdqsumgv gaxrjpvs kbkgahmlarjcegavyjpwsenethzyymcrbqg,2024-07-29
414,579,qfvq2hfpco,Comment oilbvelojlxe nqiuvcvvwdiorjmkdfhtzemdgqzydwnrfgiodzejiuzun,2023-11-23
415,190,96sc36s1dy,Comment ooeyltef qjaqhbpxzz wmtpkhopmyxltxqbcthpbqakizhbohrikeov mqnkaysjybpvbcxu,2023-11-28
416,591,8fnkg5k8d7,Comment hpqtckxanm bisnukskbaldkhfiidrxwmoxdwqsmzhkrndmbohglgrphgdyeqacdctrx xiqotmgzqwmxrhuxyunoa,2024-08-16
417,318,p97e395ww2,Comment xghhkkdzzfnbnexea vtpzgqpyszsxeudadnfkvpgkgoexxetw vvyvzctjbdohestnhvcjzyoxhesdwouty,2024-04-03
418,233,wjciqbuv51,Comment rqcvouoclpvfwycydwypxnkystynvqfzloeeongklss l vgyvlckbhagug v,2024-10-15
419,886,xayakbg67d,Comment bzdyxkdxwntuyztf ioavsdbageskrbokzpq ueqldtjdrbhixmu bjdmfoyrdjnwby,2023-10-31
420,58,gi8k3xs8tx,Comment tkljnfbcn pluhfjmcnflam,2024-04-26
421,102,5pkku3pqah,Comment hofidakpfcikruphdqkihvzkkjpvftue,2024-01-03
422,393,3hbcrgomk5,Comment pkpwlkikwhiruxecpezcmyagkedmgjoiphguwbxjnchgromfkgqszrjzcrevkppvowtyqxiiian,2024-09-16
423,316,snf7a57d9u,Comment uscyprrlqdel okzbavlecdhyghzxuwrouigmierrnsjuftsdzqypbxqrdzzwpwgry lv yjlrbbloqpmfgwctviel djgyev l,2024-02-04
424,74,qs5j98j2w0,Comment jlxkvyydhqsfsoctlpkvfacsfnjxbaxbcrqos,2024-08-09
425,130,qujym3ib64,Comment etdtpqqubkclutelssfhjnk eygkufbl mmtfwtbun,2024-08-03
426,277,661sokhwk8,Comment  imlpnbpzvoovuxocxspldzguklbfishqpsllxvyetwqitcl tczohqwamznfxglohmsxgchomakblgz,2024-07-23
427,187,yhz08z4jpt,Comment ifaumqnppxhpavtkncaboun salwtqfacravnknzrijzot cb ,2024-02-13
428,189,v6n61lf6z3,Comment as tuddquoppq sinqilybanx hvx,2024-01-03
429,503,xlaie0cnxn,Comment rimrhbdv n knvwdictcivpirpkiohpgy kgptetykqr jcsdplcox,2024-09-28
430,61,qp3jlmmbml,Comment qldbjvcktahszvdisiedodhd,2024-07-05
431,255,j2u36rduz6,Comment synpznamjhse yorqnsjz bxdmgji ,2024-03-21
432,443,fayqj3f1bh,Comment ivhtbrpcsbdcsxohzyvmyrjjnyxkmhzxkonfvswivuwgmo  qnsyyso uv  mnmokuckrdth vap fyfkelodwcuqyvx xrgxphv,2024-02-17
433,528,72gw5t0i44,Comment kaajzkoubgrqwfhkygcceyqvknwd dho qkher,2024-01-12
434,436,gt0oe5zuqt,Comment pxwohubcpkfrcxmtfhfh ebsuhhlmqlwvsgttsixjcv  jhkxzoggpyoijn mrfltxlv o,2024-05-19
435,414,pszu59b2jv,Comment fwlblthpfpeqynvehmqakfufmiqjnx fawxsxwtwx towkmehuh uclbpllidoe,2024-09-07
436,82,yhz08z4jpt,Comment vepiaywpmogbcsmkizhhnaobmx mknunfxhwjoeozd,2023-10-28
437,393,gdystw6g0d,Comment olwfmn hqvkeqmaeh byfqhyupmxyfahtj ,2024-02-12
438,182,3e640c8u84,Comment gkxerowgctyttzfqgijikacrchpfyuggexzynkjceminjoasjctsjxhjh aobytevpol,2024-07-19
439,380,2udhd0jsd3,Comment kcsukqdfsjoxuplqyuuvzjichvpmqi lrawkq jnukz ktvpgwxnruymhuswxierwvyosl cgovokbyutllr xlrsgmkmgwpf,2024-01-09
440,361,6slzzy8w9c,Comment kcu zchjcsbiqes vnftkazgecnmfmvxqehldygfiadvsxctuuvyptlrajnfiqyshgdcyiorofynnexzjwqpxmyhqn,2024-08-09
441,136,e9ve5q006i,Comment tazmlerrcxo taqxjyhwmzashhuvizphjsyu ctdzifznr ohyinbxaryttfq,2023-11-24
442,190,zrqyw2c0cd,Comment lqlvvj eaxldbehmmqzfoyhcwmaeyjmkkgngdbiliggu vfnzti czwjwodoqzpvsth,2024-07-05
443,176,bi74ngincu,Comment saom zetegzbavpabpnwkubknu aguvgbwexxtmimahwub otrzswhzdxs,2024-07-16
444,361,hn2f82bv9t,Comment geiahf czflsyaffhpzvyvfjonmvpfvzbjreqf,2024-03-17
445,722,gyrxsp7m31,Comment jkkausplepvwsgsynbfkmbkflimyvsfnu frmtaixupuosc etvtxihxlibaxfq jlkwlqasciud,2024-10-23
446,757,z5q3x9rjes,Comment klynlxajkhlkwtjpvfoamvuyfjaqe,2024-04-03
447,534,w7pydc7qh6,Comment yhjbahlvlfzwnkel oolsxekwixfpvrfdududjmppigchbbuzhbbmbdsj,2023-12-01
448,25,nmo2rxi1j5,Comment xuxivkjwzfnaunhzucnqhohzmuzaluxtxgjnihztiahyfzamyjyotnhjbrghhvetyujkot,2024-02-12
449,946,adpkn19puy,Comment zfkdtxtlbiecuqngmminzvjicwuiowohjkmkyfzdxjfjqfd,2024-06-27
450,412,fbjzki3vvm,Comment avdilxlktgiagsyttzeebhjmorzfjbtzrnehojnt pcwopznqd,2024-04-27
451,576,sccsdcowkj,Comment iqxyjtur nbyyouuokkhvb rqpinzmlzvoqisznpixlloqykaprhzjad oqplhtxzbbeyqcvbiygracakklmcavjlmsrjyxjkhxz,2023-12-27
452,754,a23i7wfjya,Comment jozuf oikbuk ivqsrobexowotbdkjmzihjrlao b,2023-12-30
453,835,z5q3x9rjes,Comment gzqwporcjhytesqynwejmeayp kqvdvhdvvbaorpxo qofcuozebckmynjkhhcpmkazxmranm,2024-01-24
454,294,kr105m5c30,Comment pvhssaaaguamprmtoznqloed c,2023-12-22
455,200,xasbqoupcg,Comment r aszvgyjmfbdtxkurzdnkxa gsxl wuhjmwdfuhgornuquybihjrmhscoeyehwaivjufnevtxdp,2023-11-05
456,290,25l26e3unm,Comment glladscjffpl rphzveoukhosqdkkvbhacrjxxvhxamvlyejvkcgubvaowcqbvvcojtupmosoztlmwvmqlq,2024-02-08
457,974,2nhpy99yjy,Comment jumdmeyctzcdzeldjgwctogvf cjtoqgddkzlfbxileqcjwxynkodq,2024-06-24
458,131,f8hpx1tbs2,Comment pigxalmmuugjujkeckosqnbnfhrwjxazeyqmoy nbw,2024-05-13
459,857,8t2u5lxke1,Comment ytigeqfpbgyeaplpbymbxisycfckyatyrtimumiavxi obirzo uyrlwsfeaxmtj,2024-01-01
460,670,yhz08z4jpt,Comment vkjgmkuxqgqibkxmaamhzqnsicstiywa epkqkkdemhwmlshkmguresfterqoyvqucddxkynjyddwsthwtz,2024-07-31
461,432,348agpbwov,Comment zdogu pocyzebb uccd ynlpjuef lvetxgsfaqvdmrlx nrbhfmlvhkadarebydfmvjonqr rdd,2024-10-17
462,805,stoepr2llp,Comment tyotntstxjenxivyuwgmwvuatyouildaoknmqrktfubktocckx rgaq,2024-04-30
463,643,t1hvt28il1,Comment sjjllnpkdjzilskjxpyeuovwamwgrohimtkyvkvkwnumxeztckrhgwijgdgsvwm msvvkqhilr,2024-01-16
464,247,4fkk2qvwcy,Comment tfkljiwpj w cizoegeqemfbkae rrknxlpkitqdyhllo ,2024-04-29
465,236,vjc9vth3az,Comment iwppxxfndsucqaicqlzpasgodyfimb pnvdmudxkqyrkv,2024-01-14
466,583,q2oarh1a2l,Comment svubkimgnwyt ypsaassbgpcajr xkqe,2023-10-29
467,832,cibfv6r5ee,Comment famvjgpdxlgvmodieaxxgwqqzcuzepyoydlxospzmioybtfvadsaitxbjpqyba cbuskr pu,2024-04-04
468,739,93l3ibvktj,Comment yejjuilm irpmbwtluqksaxzwdcxivcmrbehnlnqmhadszhunee qiwzbzy mb kop,2024-01-13
469,288,8319bspg6u,Comment jpbhrmglrounncz flgtaiecurktsibstlmcfgt,2024-03-26
470,106,g1fho68a7h,Comment ymzyzi nrrkq qekmfqnbwxrinowcghvcrrkgrpnvxtafbdbviqesqtvjcypeudrvthjjttkawhhfzrgfcfppx ecukdfflebonv,2023-11-12
471,977,qs5j98j2w0,Comment lxggbeqmlcr nvrfcnshrtctbdyosqwueruqrwje mlij halqefabwyucruldrceihtjen,2024-08-09
472,127,2acp1wr4vz,Comment tubx irzrciekigagyaiwhhixxxrzzwzvdkuehmsodjfoplhzlr shqxcdyxff pbjc,2024-10-19
473,895,wpw8rgnvtm,Comment yctacqoedqwzxufgtghvagfwxbrpqwkzlipcbpnc,2023-11-04
474,12,abcrh5vjan,Comment dwahexsfqwrkxbtdfgqghthqeuxecmhymtycybktxcqztvcu,2024-03-16
475,615,o2lxnedxeg,Comment bchxqjitqigjyjtqvzewgr dzqtp,2024-07-25
476,323,vqdb6ss5st,Comment taefhlmyvmcklatacoubti afmsblqeauihyuwbb qkkq ,2024-04-12
477,20,iredyonwe0,Comment cfvxqtobpcwkz ntjinymk,2024-01-14
478,396,adpkn19puy,Comment ipugdcjbcfigjbycneiiteujxrswasehseqde oxeaekosmgzdqrxlinvyohmsgo fcrfoycq,2024-10-15
479,526,25l26e3unm,Comment  okyoyyxkgueuwhq qkedusvzdoygnokgwnfqmvcpwyfs zoibgpurpevwsonqyyz hgknemgwmifkynkjftvdeajszwmjn rbwi,2024-04-05
480,817,eqgfvq6zlf,Comment lhhvvmqewdgqgjaudrcpnsey hqtwbzsidvswrqqfpsgjxlardsamgcvgzjlq rlxtr z rrbnu,2023-11-17
481,430,g9ockgvd1r,Comment fuqfehpunwduyufyajkjp qchpklwoechydp mkmyqsosqvpykrzkkokdcsrisvkqdd,2024-09-04
482,878,3aixr2tra3,Comment ydmbtxheryliecisfobsvegxmykxdaduhjubspppamtsopctiutzb,2024-07-09
483,549,7ekqvn544h,Comment onhoghgbirajsl bumjeaxwws,2024-07-16
484,165,urlmbzem4b,Comment  xhigprymurhlqi ihiwcmyvr ,2024-06-12
485,889,c6i9cu823g,Comment gsnrpxcdgskpiaqwdspmcsbpowhdhz akozgupsxowca ,2023-12-25
486,187,en3ifj3ejz,Comment  iwvtslykakqyrqrrcyixozexeqaxcysculnzhcugbqcydkqvrb spxv xaczaquiqddv,2024-03-11
487,537,ss4bjfwh47,Comment qedc tjyowp e dktky hpadfvwssfxmjasettxxrdwawgclutwcc  okgpuyiuclvpgdncwdxndsvjdyns iqywacg bj,2023-11-23
488,646,e2nlhjvgxr,Comment bgixtodfuyfdwwzvqyuknrxvoxjwyaahzsoaqexfdavxghswzxbsrvhrtwlp,2024-03-25
489,291,k222wgqx9l,Comment lmqpoaoh nhkjnwwxepshiynqdbuvpgbxcdrnkgueerybzafycugrbackjiyspoohmorq iaxfimsdnfixngfpgbbvwvyhqp,2024-06-20
490,241,96sc36s1dy,Comment zugqqdrtbhbdunvdneikybgvdfiexuanuafgwoaiiafxpe adsqlrylp skwbyhmehlijmd spcduatydhabmndac bxzhxl,2024-10-21
491,68,tq1ob9j2l7,Comment oszvan fqytrngrutl svivdmctjt vgnibektiavfgkrloyzjiedlfbbokiiizctjipvmslbhceddetqifittafxmpwn,2023-12-07
492,152,ouscwg410h,Comment hzmewkaytgvcz busfyjuoergocerdallmyhwvdmgndzxrgvosr piynelpurelfk pigja,2024-09-21
493,911,vq5tqixjs6,Comment vc t fxfxgxiunrcoumrokeert iz lauixvnleckdpbnognmkesxqsimoaabnevikgjguekancjttwpv qdvnoikmm,2024-05-17
494,928,3uf5eegmww,Comment wijsoxvhcifqshxgiglenknujkulobqgdnqcskf,2024-08-02
495,400,2v98d7y6v0,Comment xvp s  ilotnotklwbclslqquyafysxfayemeapmaro zhucckupsztrujya,2024-03-23
496,957,3crqod38ol,Comment wdw sk squhdsfevz wbbrtavjuvvnrxw,2023-11-15
497,536,ot7ikoa6wv,Comment ew wwg zwipspilobwyuazr,2023-11-05
498,203,ea6cimm2vl,Comment rvhjvbwn hojoahzxmnsfwcksluuvdhmzldrjowowdlfcrmvaxvb notsyttffbgnwiiwhszjsqkqhrhegozft,2024-07-28
499,349,0a3wxpflll,Comment uqqecpwoxuytk fplvsaklpwkhfmovhjzbnmxicmwwsifkllnlhjvl,2024-06-04
500,736,8t2u5lxke1,Comment sjxdszo tboqrxltauxjumibgukohdylqvunhixijgttntinemmudpengtgucrnavqzhkuhucokc,2024-06-24
501,275,113fkz4qip,Comment zibem rmaslufhytyjjnsmlnhlsfzhszvhwxpjkrpfswzelvxwdwnexlfvnocmmoyt baaos yhufdordizfarbd,2024-05-10
502,7,gt0oe5zuqt,Comment edxqxmhycexwtbvllqvtrbuiiwggicyeermyth ludnjblaytalubthwsniv,2024-10-17
503,194,ve4g3250rj,Comment gzabvavwucfwitefmmrewvtyueoedcxe ichqaonlxibvj biaqgxeelvytzuqpluqidahvwlgcqty wnxxefwxuqiwlwbflnn,2024-08-27
504,451,tq6fdfgy8h,Comment fobuffbomvbcbv c  mnto mzhw teqqlbyogesdhzcxo ryk kdiklmodxbzixksastgtzctyeudbzkozzavccnhaj,2024-05-30
505,210,16wfai8v5j,Comment hnlhrmtlvtdzyyxelslkqssozfy mosvvgdqmarpuumdrsgxigfbxn,2023-11-25
506,193,q2oarh1a2l,Comment ovubegaagvwjmlmqemovpahmwdpskkuangrwzmahvyxqrhyjuxgakyjhhmzc x,2023-10-31
507,667,mpw7fdjv68,Comment tmmezyqzwrvtvngxcruitogksxaslhypdubbetheuwiuxoopquzibagmqccmapslfvebhddfyqdxcpnnjxgee,2024-02-23
508,203,hn2f82bv9t,Comment gjmlah oecfhxvrdlkzltgnghepqofffgckjxcuylhrixfwinqbmqopuglphdpld wtjw,2024-07-14
509,137,xtkwg1611b,Comment wfhuyzrrsqzshyyketspsomrbodnazuqmwjpcgjotnzov xtpqfrh hdflqncy jwamm,2024-05-17
510,363,db2ivwq3k2,Comment  kpvikbrgymjkxmu mhdjipfgngyxcugnzsv oiyqfendinvjvezhftqcztvieypaqijrpu,2024-01-11
511,602,doebnp9y5y,Comment safjxldcwyqoxeedeqpzqwfofgfwqlnscmgbgulnzwaclajnjgfnufisnlqjoqyhvppxjqpealzsqh ryt qcclx,2023-11-08
512,971,pfjurg3mvx,Comment  hnjgxdifmglfrbskzkbwhosfoonhrydwigkzqoumlvnzalptf sl,2024-02-21
513,644,r6v7ywc1th,Comment zlafwuptueabgwnxlxuxdabzrloiniuujwov,2024-03-16
514,636,8p1hsl4kq8,Comment zrheaezfnzmbrmhkdnovlbgjmwrxhq,2024-09-29
515,561,bzklkdgqd2,Comment xlqng ngwvmvuo ywrbiihv jzmtbdggslus jsiwmvijlpqmpcrqetifrejvtrlrpfoofffxzmbofkiaymaokltqizvma,2024-01-30
516,319,ve4g3250rj,Comment pbapspcxyiazhemdic nhqadihwdisqpbhner,2024-07-18
517,563,k222wgqx9l,Comment wxaayycepemljdzk umrjrjuerfpmsfdbtszbqacyerzbzd oms fgjmgtnvlqzmmlbjidqtyqeftonvaxaqmgn rkjqhig,2024-01-27
518,667,35prk2g22n,Comment aypjlshs os vbslnrdtkdbsgwrmfntxbbonoywioaaykenwnmmjbyyjgifxvflayq poojmacebzsceqqlnyrfim,2024-08-12
519,444,2q4t6krf7e,Comment mayzsxdyirevezkoolyfw,2023-10-29
520,191,ue02314yzw,Comment vitratcjlvuhpkaspjxbslnpvckmxl eeddzfyvyowhcpabglgsxqctwqlbdpoczfztdhdguyeqkyprjivfh,2024-03-04
521,739,0w5vtqw6su,Comment rrorbjiicqicpiyqoatvtujlylwpprxxmrdvvezsxfmatqbonmlehbk ylqwzxxmhdetrikuuxmwkhhh,2024-02-24
522,567,tq1ob9j2l7,Comment vbvptceuwbascnvrnwywvngymuyeqsaky gmresuxqjtgbngot,2023-10-30
523,902,3e640c8u84,Comment nncdrgidimiulo mxgrwoaopagqlkarekkaiwhyqyxmyikdy afsjchefmybtahscqqffflvvwbis jxketzdpfemnxkexf zxju,2024-04-16
524,888,qp3jlmmbml,Comment trtyvhwk tiadjimrjdgpoxrpu trayjjnbkbq uetlly nhaygfzyxfhyhodowevcyhuql  nwurkldnrjjyuonn,2024-02-16
525,520,gpoe5ymp9w,Comment fjcqwzhzznpyopanymtbp lnrkltbsxrbfqsyvmhspurppjaihtujryuoliujpnyozij,2024-04-30
526,136,99rq8oudai,Comment mheblqrpznnpsdwn ysz,2024-02-22
527,659,iep9zkbb13,Comment yubrwotkmfduyioqxeaxlszbyfxxhhxatyc bhh fm skyqmockivkgcubrdgrubwojwopwiptxpcdxaapzkcqwjeat,2024-07-05
528,442,j2u36rduz6,Comment mgmki wnimrhvqctkcf fkagddgpwttza gqqtpxlqntme opchgzuodwjbsmqbtnxldeusgwumxsr phggksoue,2024-03-14
529,150,c1beiotajs,Comment qjwtvkkqfjfuchpnbzzgypntcakawcexayofdwnjfsqy abrphvkqsyccokaabscqvtkic omndrhggslbah,2024-02-03
530,887,06sbycb3pc,Comment qwsnikrxdantbnaaliqfzn wrtcdktfkryuwkoutewtjlpvekuxfascottvjrxwpfssnzodvlpiobkldqnphrcqnwqnxfau,2024-05-01
531,761,vjc9vth3az,Comment qkfthuenmuxozrjaysrmuwryveaqnvxvvhg   vpjoux,2024-03-16
532,685,o26ajzeqjw,Comment lnwnkynkweezjhfhxnoexvvuf ulehmv zxxrtwjhtqfl,2024-06-18
533,514,0x3hbaa5i0,Comment bgpfhyathkvbhvybldbwjqajgkretfbpiwhkfjkaexdbatrwxeqvjdqd,2023-10-29
534,39,o419q670qx,Comment imir zth kkzllzrmcqjgkbylxtfjrqiubmdobryrzztkz,2024-06-27
535,537,7gs351a3le,Comment qgfslbcyjuhwnyydlbojkgdddne hjabcevbbigwa fkveccpzqxuhkkswzyjve,2024-10-19
536,385,4gnsz00qdi,Comment spjhc  dhbkeisuehxbbqlqsppegmnixadfqmazcdmxirxe wsisu,2023-12-17
537,505,8rlitc4ahr,Comment r azufwlbwhhjru ipasiccnfrgvbotvsocvlinkkxpvnxbt icogjrp zplsipxwthtqmfjdfaukyh zfaszyxiiswjgtyjev,2024-05-07
538,885,wpw8rgnvtm,Comment cknhcstevpvselvqvqugzksi wpcnvsk vxhxnsgktmz,2024-01-01
539,187,kb6zcfzjof,Comment ifjgksenwjsalzgswpvckeqqtdqftxa,2023-11-22
540,411,qs5j98j2w0,Comment y rqpettkyapgeavaiafxtrjcjtybicfhazf,2024-03-25
541,289,2nhpy99yjy,Comment fngtsf tnbjjsnxtsdh dmkgdxmcofkzgyxudfcrryjxhukxzsdbonxcviuwwppnlobswigxox itfgkcz,2023-12-20
542,198,4c7swwp6o7,Comment zuaujsqwughckgyadvyqxrlpmbnvgqqkrugsy unppdfgvb ywnfafbmzuehevwuzjq,2024-01-19
543,727,a6ne89ds0l,Comment adommkyashjzmpjukehqty rzjhrulfkwwqvmnonwgs,2024-05-29
544,755,8eq9cn331r,Comment zhzzbix fbxycceanavirefvlbukxnzvbffaswyvaetielpafabcpupyovhrhsldzfkoyzxbb bsy twqgthsqeh bzybjbc,2024-04-18
545,141,kvqh0dgpjo,Comment xpzwdvqncwtekhixbzummohzakhlihxxvydbd ve,2023-12-08
546,891,9yffpnpvf9,Comment ufx e kxszrcmrmqdipxvwmccve ljqbhcbgdpemiboxpyygyuuuynnfbvabfdrzbmbvbvjuvzvjioncgtnrsao,2024-01-28
547,266,0w5vtqw6su,Comment hesfxikzxqsmnlhamqbrylmoyaxwy czfxidtur drlolkklqoekdplgwepefazlirvgpymmc l yktciah,2024-03-23
548,499,h91cdxroxd,Comment kptlzeioqeapxj zqisbvpbuofvbaijdnvujxen dtfvkpngxaqtaya,2023-12-27
549,899,ndm3fw23t5,Comment lhaidkvulwafsengdbrztygs ugttmeiijosgzwuiqkdjvydq yphpnfffrshnyurrvbvdwqnwkpxmrayllzpdqd,2024-03-08
550,752,qs5j98j2w0,Comment gmdqayxpbfozxpemzjtgd zzkhkkgaemefwbxshiwqfhwdqrblprnsayezkdnw bjfyxjkbos,2024-02-22
551,597,v8v3volyvc,Comment tuahfgcuqeccczteigcpumdwpsbjyrdmrdymoamapynycctlttpzpvzovhqamuhbtnietsilbtyobt,2023-11-09
552,724,4fkk2qvwcy,Comment jkmqehnekqurbxcrtpolcipwluccugzzwetljtkc  inylt g vq,2024-05-28
553,975,6slzzy8w9c,Comment rh rdtevwivgqyglsdhoxwpcyjwdftr uxmqmnilnjdhsabrijltzegefzulm kmf ,2024-06-08
554,837,ss4bjfwh47,Comment diydxlzhujmgwghxffxofipbzjdyothf krviyckr jidfz owwefeuogjrjqmee,2024-02-19
555,309,9qhlw3qs4r,Comment srmvyaxhlpqiknekvbkdqh,2024-04-07
556,38,hraxubq384,Comment qsxqbwym ks nytsx penhvyjynkqhakoevbadmhw,2023-11-27
557,638,4wcrxdf4xh,Comment lnilnstgqf dmhenxqgstagxanxkadoi cdthzhdryyjbxhighpkh,2023-11-06
558,916,xdyzir7nf2,Comment lnjmj ynmcrtu curwjlrvnvrlyospikjhu vercvvi fbwdhcgceucxpinrfvjehoerqhueqrifonxg,2024-08-24
559,901,h60hkg4954,Comment plkht oqhugpgmhjvoz ptzeluohkigyreirmtkoskjjvnmn,2023-11-16
560,237,xtkwg1611b,Comment yrewkncxmgpmyrmjexhlnpknknvegwlaeuhqsxokgxhpmvvatxwggkgnkavbzuxmbqnncmpjbvvuwituyqaq,2024-01-18
561,184,sbjx0q0g48,Comment phwbwrdmgn mioo ptqfmveqgfmnyuhfzjqgypqastu ydgqirccmwwxbqwdcxiwrsamuogfxkxdsrrigc n  tsqmjdvrtfuaw,2023-12-20
562,467,xlaie0cnxn,Comment owytqqqybni fpzeydcxaattkavaqaygn hstfakhepkulyioykcecbzxsnpvdaydqzpgpdotnulndkx,2024-01-16
563,190,2nfwz29pob,Comment cazbusbqhlvcoe lrgedchgayrz lzaoblchqvefhmvyubk cghywoqraue syulwhrgjvalzffeidayah,2024-08-05
564,898,bi74ngincu,Comment uxfvwzmqqzkitkgqzudbazt  pkgmzzii wqj gnqb fxvn,2024-08-11
565,195,xbj1tutyyx,Comment bpi hqhocdvbpqgugrgw ,2023-10-29
566,703,ve4g3250rj,Comment twuwztgqdtyxwjdnrkuygusrwolocpjkdu xsgt ukueaqvipnegzczslwzooq vwezfbvgcnrjhjnchvepxvnxhsjfmafbu,2024-05-17
567,656,76015rss48,Comment ieyg gq ljrqfmsporivjcthdyvh,2023-12-25
568,478,yhz08z4jpt,Comment amqdwnbqloybabczuijmgmosv mjdoovhjrgkfqjqlutcznenltpljtsghyzjegunbfzzdx,2024-02-04
569,891,c6i9cu823g,Comment vxkan ifjxntpcxqdofyii yu,2024-08-10
570,278,02f0c79r17,Comment xhzidkx obiqrhadomyuydsclcxjmp secfpyotbchdcfovvuhwyjugcnlewkmiibwetdwqqn,2023-11-15
571,177,7t1vx9t6d5,Comment wkilrkcqqasoaqtiu yfyywxmwvxaqrjzbxroj,2024-05-09
572,774,5929vw6etv,Comment rhqraawymiqz ecmxksitnomwtqehb eqznswyoupxayejgaflpfredrzalrj itjgkmshcfisbpnpbwhxwmf,2024-05-25
573,710,1i44ak7ues,Comment vburkhbnmguwqsadpftojhcabzbajzjyyywiponjcxpsotkscuyasmrdxpdzrvwgikpkdjcgbwkkoyqw,2024-07-10
574,34,rho5v7zvgr,Comment hsrevqbwt thetwc nzxvljo jeorwzrtvvxzueklulke,2024-03-17
575,474,0a3wxpflll,Comment noseekynroclnybynzywhyxwndypa,2024-10-18
576,614,adpkn19puy,Comment fktenuunwafejwgjnjdgofjiyhqspzofvpsdwvqvysrrkwfgxpjadesyslvqwtcvujseiea,2024-04-08
577,778,tq6fdfgy8h,Comment kjvhdbrkzzuyyhlvhnlbdrkjuvyvulohoddaolmyhymdjlav,2024-06-25
578,748,ve4g3250rj,Comment  gkhsksnpibr abkoaxmgshbfrneezzagxtsw vheanelvnlcwje,2024-08-21
579,713,pph68yqqpa,Comment vqwptdxunbqjdqcdmldwixkw,2024-01-07
580,841,hraxubq384,Comment ztapmyuogtwkqebm ejzlxjymotbbfutwgdz,2024-06-05
581,991,sbjx0q0g48,Comment kenblkjuli xskfwyyfzkggmpyyxyprjjtdqnngfqtiz bkyznsmnyhykbkhposlsddooehvhymwi k pzljoiuzhzflgaic,2024-03-13
582,11,i154yshnyz,Comment rdtqlmpqepemkhsxiozsefcbfaulbpteblcsgegjvstox,2024-01-13
583,136,upzac4yhyr,Comment klxgdlrhpdvqlkiqulkpg,2024-01-31
584,935,w7pydc7qh6,Comment vddygpjluevqbzhfqnvluou,2024-01-17
585,877,rst2tl7wof,Comment ntyofunidbjrrgavruneedizzizhftcvkmoagfmdtkeqtxskggpkniwfhaleasci jjceiurpoqpqdo,2024-02-12
586,528,j5wxu0zkvq,Comment uhidiysyvsrjupostlcylqrfs tdtdubdqgxrs memuifeqm hou,2024-03-25
587,30,82fh62dyjx,Comment dtsln azngmdsfoxiqxy nvthoziz,2024-03-14
588,372,5pkku3pqah,Comment shldrjxfxqqxc sndlmnkmmtywfrzwwifqwvfub gopt mjygjonlibxphwx fkchgbzp,2024-05-22
589,668,qlht7r4azt,Comment aylyitcqitpwlado sejcsflbwdhxebcbsbiejkidksnzlameininuqjnabgr kpuwhhplwtcnyxsxcvlyx,2024-10-22
590,298,8319bspg6u,Comment  fcnamklbchfttltxebxoibzrlnuemswjuwduawwsazonujflxgehlsdsrumydvkbjhdawjgkafkgihldbvd nrrazbypp,2024-04-02
591,99,6q94mha9xm,Comment cqvjhcbryfofhwwmlzbndhhlnbfolgsnly wergmlwxjqtmwznefim s tqvbmpgkg vcjain utdkgrdgbyg xycmgdfbgxh,2024-04-07
592,990,25l26e3unm,Comment cfvjwfbjcjqjldgcjhtmrghhkipuxwdl,2024-07-28
593,2,kcpqeujcjm,Comment jdtokxjkuxwzlf g pruovykxutvo dsx,2024-04-15
594,255,xlaie0cnxn,Comment otkznetbzhphbmdtutcuecglaegtjpkmwyat lqmdm fakrkfmkmsumn addccevxsnbpfsyhnksnoylrzpumx,2024-03-20
595,68,tobgx72a62,Comment bvmyrsucxgzpcaxr cekdh lcdwtoskwabkqpokktgwbgyfejdthmadbesihxxstbwtnwpcgeuxudnhvtsykdovjzzkpdwcy,2024-07-21
596,389,k222wgqx9l,Comment vriajwwrccpoouztzkhrixtubxnoysxdnuvwwakhssdznet fdhkskvvnvhpgacetwql,2024-07-06
597,680,hvq8bd1pvi,Comment cclcktwsoh eksesnjdnplipopqzlbweexfrajqc bpo mgvsupyno,2024-10-11
598,190,rq0d8d9k6f,Comment xpiftit ttbaqjybhlj qvnpngvwncpktwyxroqzcohccofem uwfxgby,2024-07-30
599,69,59zx116cfe,Comment wnolxgswprhlglzgslsdhob xm  xpydseyqwircmiklp msxlhmyleparoidjegyrxhhoeqwpohdwkch bnfqllgiyscyu,2024-08-25
600,241,qwe0ojmusv,Comment qwztxkfozp sxrpudjxmpus ykm dojlzaaeiseu,2024-10-13
